Miejscowość,Adres Sklepu,Kod pocztowy sklepu,
Dąbrowa Tarnowska,Ul. Grunwaldzka 28a,33-200,
Dębica,Ul. Rzeszowska 131,39-200,
Dobra,Dobra 45,34-642,
Dubiecko,Ul. Przemyska 43a,37-750,
Limanowa,Ul. Zygmunta Augusta 6,34-600,
Mszana Dolna,Ul. Piłsudskiego 28,34-730,
Tymbark,Tymbark 55,34-650,
Wiśniowa,Wiśniowa 646,32-412,
Nowy Żmigród,Pl. Kościuszki 7,38-230,
Bratkowice,Bratkowice 401 F,36-055,
Polańczyk,Os. Panorama,38-610,
Przemyśl,Ul. Hausera 4,37-700,
Przemyśl,Ul. Opalińskiego 9,37-700,
Grybów,Ul. Rynek 1,33-330,
Uście Gorlickie,Uście Gorlickie,38-315,
Sanok,Ul. Sadowa 41,38-500,
Szczucin,Ul. 1 Maja 11,33-230,
Koszęcin,Ul. Powstańców Śląskich 9,42-286,
Głogów Małopolski,Ul. Rynek 19,36-060,
Kłaj,Kłaj 654,32-015,
Łańcut,Ul. Daszyńskiego 11,37-100,
Rzeszów,Ul. Stanisława Augusta 25a,35-210,
Łańcut,Ul. Paderewskiego 4,37-100,
Białobrzegi,Białobrzegi 3a,37-114,
Wielopole Skrzyńskie,Wielopole Skrzyńskie 22a,39-110,
Słopnice,Słopnice 1722,34-615,
Czarny Dunajec,Ul. Rynek 6,34-470,
Nowy Wiśnicz,Ul. Bocheńska 22a,32-720,
Jasło,Warzyce 454,38-200,
Krosno,Ul. Piastowska 64a,38-400,
Humniska,Humniska 260a,36-206,
Łabowa,Łabowa 253a,33-336,
Dębica,Pustynia 135c,39-200,
Wiśniowa,Wiśniowa 258,38-124,
Przeworsk,Ul. Krasickiego 8,37-200,
Zakliczyn,Ul. Rynek 8,32-840,
Żabno,Ul. Kilińskiego 2,33-240,
Jeżowe,Jeżowe 235,37-430,
Raniżów,Ul. Armii Krajowej 2,36-130,
Dąbrówki,Dąbrówki 222,37-100,
Krościenko,Ul. Sobieskiego 4,34-450,
Cieszanów,Ul. Sienkiewicza 7,37-611,
Tarnobrzeg,Ul. Słomki 1,39-400,
Przeworsk,Ul. Studziańska 2a,37-200,
Nowy Korczyn,Ul. Stopnicka 28,28-136,
Kamienica,Kamienica 431,34-608,
Gorlice,Ul. Węgierska 27a,38-300,
Grabownica,Grabownica Starzeńska 600/1,36-207,
Gorlice,Stróżówka 67,38-300,
Krosno,Ul. Wojska Polskiego 41,38-400,
Łukowica,Przyszowa 367,34-604,
Łącko,Łącko 599,33-390,
Tarnowiec,Tarnowiec 381,38-204,
Tryńcza,Tryńcza 120,37-204,
Kraczkowa,Kraczkowa 788,37-124,
Nowy Sącz,Ul. Broniewskiego 14,33-300,
Gromnik,Ul. Krynicka 21,33-180,
Zawoja,Zawoja 2001,34-222,
Jasło,Ul. Szkolna 2a,38-200,
Chorkówka,Chorkówka 130,38-458,
Dydnia,Dydnia 217b,36-204,
Skołyszyn,Skołyszyn 457,38-242,
Busko Zdrój,Ul. Bohaterów Warszawy 59,28-100,
Lubcza,Lubcza 460,33-162,
Jarosław,Ul. Pruchnicka 6a,37-500,
Jarosław,Ul. 3 Maja 33,37-500,
Łęg Tarnowski,Ul. Partyń 2,33-131,
Brzozów,Ul. Kościuszki 2,36-200,
Chełmiec,Świniarsko 374,33-395,
Mielec,Ul. Lelewela 10,39-300,
Krynica,Ul. Piłsudskiego 10a,33-380,
Biłgoraj,Ul. Kościuszki 50,23-400,
Ochotnica Dolna,Os. Nogawki 154a,34-452,
Dębica,Ul. Kolejowa 19,39-200,
Lutowiska,Lutowiska 73,38-713,
Pruchnik,Ul. Markiewicza 24,37-560,
Wojnicz,Ul. Nadbrzeżna 3,32-830,
Rzeszów,Ul. Łukasiewicza 88,35-604,
Łużna,Łużna 770,38-322,
Szczawnica,Ul. Główna 28,34-460,
Gródek,Gródek Nad Dunajcem 49,33-318,
Kańczuga,Ul. Słowackiego 1,37-220,
Pilzno, Strzegocice,STRZEGOCICE 116C,39-223
Tuchów,Ul. Wróblewskiego 1,33-170,
Oleszyce,Ul. Kościuszki 4,37-630,
Brzostek,Ul. Rynek 39,39-230,
Grybów,Ul. Sześćsetlecia,33-330,
Zarszyn,Ul. Bieszczadzka 57,38-530,
Sędziszów Małopolski,Ul. Jana Pawła Ii 12,39-120,
Limanowa,Ul. Kopernika 9,34-600,
Tarnowiec,Nowodworze 72 C,33-112,
Siedliska,Siedliska 255a,33-172,
Rokietnica,Rokietnica 28,37-562,
Besko,Ul. Bieszczadzka 11,38-524,
Bobowa,Ul. Węgierska 25,38-350,
Korzenna,Korzenna 335,33-322,
Ożarów,Ul. Długa 5,27-530,
Lesko,Ul. Unii Brzeskiej 36,38-600,
Zarszyn,Ul. Gniewosz 85,38-530,
Lipinki,Lipinki 522,38-305,
Kroczyce,Ul. Kościuszki 3,42-425,
Frysztak,Ul. Rzeszowska 14,38-130,
Staszów,Ul. Jana Pawła Ii 21,28-200,
Czarna Górna,Czarna Górna 75b,38-710,
Iwonicz Zdrój,Al. Jana Pawła Ii 12,38-440,
Przeworsk,Ul. Wojska Polskiego 22,37-200,
Gorlice,Ul. Biecka 31,38-300,
Przecław,Ul. Mickiewicza 1,39-320,
Nowy Sącz,Ul. Marcinkowicka 8a,33-300,
Orły,Ul. Przemyska 12,37-716,
Florynka,Florynka 230,33-332,
Uszew,Zawada Uszewska 185,32-865,
Tarnobrzeg,Ul. Sikorskiego 2a,39-400,
Krosno,Ul. Okrzei 1,38-400,
Rzezawa,Ul. Kościelna 29,32-765,
Jaworzno,Ul. Wygoda 54,43-608,
Pszczyna,Ul. Cieszyńska 16,43-200,
Żołynia,Ul. Rynek 19,37-110,
Józefów,Ul. Kościuszki 82,23-460,
Krosno,Ul. Składowa 7,38-400,
Dzikowiec,Ul. Katyńska 3,36-122,
Pilzno,Ul. 3 Maja 86,39-220,
Komańcza,Komańcza 86,38-543,
Pogwizdów,Ul. Katowicka 4,43-418,
Iwkowa,Iwkowa 685,32-861,
Hyżne,Hyżne 100,36-024,
Piwniczna Zdrój,Ul. Daszyńskiego 11a,33-350,
Nisko,Ul. Tysiąclecia 8d,37-400,
Sędziszów,Ul. Fabryczna 3,39-120,
Łapanów,Łapanów 21,32-740,
Lubaczów,Ul. Unii Lubelskiej 3b,37-600,
Nowy Sącz,Ul. Konstanty 14,33-300,
Klimontów,Ul. Rynek 16,27-640,
Szczawa,Ul. Szczawa 282,34-607,
Wysowa,Wysowa-Zdrój 108,38-316,
Markowa,Markowa 165,37-120,
Krynica,Ul. Czarny Potok 8a,33-380,
Komańcza,Rzepedź,38-543,
Tarnogród,Różaniec Pierwszy 142,23-420,
Kłaj,Targowisko 506,32-015,
Biecz,Ul. Kazimierza Wielkiego 39,38-340,
Szerzyny,Szerzyny 296,38-246,
Jodłowa,Jodłowa 16,39-225,
Dobczyce,Brzączowice 391,32-410,
Maniowy,Ul. Gorczańska 4,34-436,
Maków Podhalański,Ul. Kolejowa 14,34-220,
Miejsce Piastowe,Ul. Handlowa 10,38-430,
Jastrzębia,Kąśna Góra 65a,33-191,
Czudec,Ul. Kolejowa 9,38-120,
Sędziszów Małopolski,Ul. Króla Kazimierza Jagiell,39-120,
Krościenko Wyżne,Ul. Centralna 2,38-422,
Jaworzno,Ul. Mroczka 46,43-600,
Przecław,Łączki Brzeskie 267,39-320,
Rożnów,Rożnów 526,33-316,
Gorzyce,Pl. Handlowy 3,39-432,
Strawczyn,Ul. Żeromskiego 12b,26-067,
Dynów,Ul. Kazimierza Wielkiego 2,36-065,
Osobnica,Osobnica 1000a,38-241,
Korczyna,Ul. Spółdzielcza 6,38-420,
Gniewczyna Łańcucka,Gniewczyna Łańcucka 146a,37-203,
Waleńczów,Ul. Częstochowska 1,42-151,
Zakopane,Ul. Krzeptówki 99,34-500,
Podegrodzie,Podegrodzie 421,33-386,
Brzesko,Ul. Trakt Królewski 4,32-800,
Górki Wielkie,Ul. Breńska 21,43-436,
Rakszawa,Rakszawa 348,37-111,
Czernichów,Ul. Dworska 1,32-070,
Osiek,Ul. Sandomierska 13,28-221,
Rymanów Zdrój,Ul. Zdrojowa 43,38-481,
Łukowa,Łukowa 62a,23-412,
Brzyska,Brzyska 52,38-212,
Rymanów,Ul. Zdrojowa 160,38-480,
Sietesz,Sietesz 265,37-206,
Ropa,Ropa 602,38-312,
Ropczyce,Ul. 3 Maja 317,39-100,
Pisarzowice,Ul. Chmielna 2,43-332,
Grybów,Krużlowa Wyżna 273,33-330,
Bytom,Ul. Worpie 1,41-906,
Zakopane,Ul. Nowotarska 19,34-500,
Wietrzychowice,Wietrzychowice 179,33-270,
Łubnice 73 A,Łubnice 73 A,28-232,
Chorzelów,Chorzelów 563,39-331,
 Zręcin,Ul. Łukasiewicza 18b,38-457,
Rymanów,Ul. Rynek 22,38-480,
Szebnie,Szebnie 311,38-203,
Jaworzno,Ul. Na Stoku 105b,43-607,
Wierzchosławice,Wierzchosławice 809,33-122,
Rzeszów,Ul. Lwowska 115,35-301,
Ryglice,Ul. Podkarpacka 18,33-160,
Rajsko,Ul. Pszczyńska 25,32-600,
Kłobuck,Ul. Armii Krajowej 10,42-100,
Połaniec,Ul. Kazimierza Wielkiego 1,28-230,
Woźniki,Ul. Dworcowa 6,42-289,
Jedlicze,Ul. Trzecieskiego 10,38-460,
Gilowice,Ul. Krakowska 36,34-322,
Ołpiny,Ołpiny 639,38-247,
Ożarów,Os. Wzgórze 29,27-530,
Węgierska Górka,Ul. Zielona,34-350,
Radomyśl Wielki,Ul. Nowa 1,39-310,
Wawrzeńczyce,Wawrzeńczyce 504,32-125,
Łomazy,Pl. Jagielloński 1,21-532,
Radzyń Podlaski,Ul. Brata Chmielowskiego Św.,21-300,
Sarnaki,Ul. Kolejowa 15,08-220,
Staszów,Ul. Kilińskiego 34,28-200,
Wysiadłów,Wysiadłów 8,27-612,
Tarnów,Ul. Czerwona 57b,33-100,
Chmielnik,Ul. Furmańska 20,26-020,
Imielin,Ul. Miarki 3a,41-407,
Górki Wielkie,Ul. Zofii Kossak 47,43-436,
Hrubieszów,Ul. Królowej Jadwigi 2,22-500,
Krosno,Ul. Zręcińska 4b,38-400,
Sucha Beskidzka,Ul. Mickiewicza 81,34-200,
Tęgoborze,Ul. Sądecka 81,33-312,
Lisia Góra,Ul. Sucharskiego 2,33-140,
Bierutów,Ul. Słowackiego 13a,56-420,
Kończyce Wielkie,Ul. Olszaka 8,43-416,
BORONÓW,Ul. Wojska Polskiego 19,42-283,
Słomniki,Ul. Kościuszki 52,32-090,
Nowa Dęba,Ul. Bieszczadzka 2b,39-460,
Borzęcin,Borzęcin,32-825,
Wisznice,Ul. Warszawska 75,21-580,
Brzeszcze,Ul. Kościuszki 1 A,32-620,
Pietrowice Wielkie,Ul. 1 Maja 8,47-480,
Gdów,Gdów 1239,32-420,
Strzyżewice,Żabia Wola 66b,23-107,
Mikołów,Ul. Gliwicka 294,43-190,
Tarnów,Ul. Paderewskiego 3,33-100,
Chorzów,Ul. Wolności 12,41-500,
Koniecpol,Ul. Rynek 27,42-230,
Tuszów Narodowy,Tuszów Narodowy,39-332,
Studzionka,Ul. Powstańców Śląskich 4,43-245,
Limanowa,Ul. Koszarska 4,34-600,
Sułkowice,Ul. 1 Maja 5,32-440,
Chmielnik,Chmielnik 277,36-016,
Sienno,Ul. Czachowskiego 1,27-350,
Biała Podlaska,Ul. Francuska 52,21-500,
Grodzisk,Ul. Konopnickiej 4,17-315,
Łańcut,Ul. Podzwierzyniec 2,37-100,
Chęciny,Ul. Kielecka 18b,26-060,
Kolbuszowa,Ul. 11 Listopada 6,36-100,
Nawojowa,Ul. Krynicka 40,33-335,
Jaworzno,Ul. Chropaczówka 130,43-602,
Lutcza,Lutcza 608,38-112,
Nowy Sącz,Ul. Kochanowskiego 61,33-300,
Busko-Zdrój,Os. Sikorskiego 9,28-100,
Ropczyce,Ul. Najświętszej Marii Panny,39-100,
Krosno,Ul. Bursaki 29b,38-400,
Krosno,Ul. Tysiąclecia 1,38-400,
Kalwaria Zebrzydowska,Brody 699,34-130,
Pilica,Zarzecze 36,42-436,
Jaworzno,Ul. Tetmajera 39,43-600,
Mrowla,Rudna Mała 387,36-054,
Janów Podlaski,Ul. Narutowicza 68,21-505,
Zebrzydowice,Ul. Jagiellońska 48,43-410,
Leżajsk,Giedlarowa 278,37-300,
Nędza,Ul. Jana Pawła Ii 28,47-440,
Trzciana,Trzciana 359,32-733,
Wilamowice,Ul. Towarowa 5,43-330,
Dobczyce,Ul. Rynek 1,32-410,
Lubomia,Ul. Mickiewicza 1a,44-360,
Wadowice Górne,Wadowice Górne 136,39-308,
Głowno,Ul. Sikorskiego 98,95-015,
Rudnik nad Sanem,Ul. Mickiewicza 1,37-420,
Końskowola,Ul. Lubelska 88,24-130,
Proszowice,Ul. Kolejowa 7,32-100,
Sławatycze,Ul. Rynek 12a,21-515,
Dzierzkowice,Terpentyna 183,23-251,
Poronin,Ul. Tatrzańska 5i,34-520,
Leśna Podlaska,Ul. Bialska 48,21-542,
Krzyżowa,Ul. Jana Pawła Ii 133,34-335,
Tymowa,Tymowa 420,32-863,
Lipie,Lindów 2,42-165,
Niemce,Ul. Lubelska 188,21-025,
Stara Kornica,Nowa Kornica 23a,08-205,
Skrzyszów,Skrzyszów 27c,33-156,
Wieliczka,Śledziejowice 160,32-020,
Pcim,Pcim 1176,32-432,
Jasło,Ul. Mickiewicza 108b,38-200,
Łódź,Al. Piłsudskiego 108,92-236,
Siedlce,Ul. Bieszczadzka 8,08-110,
Padew Narodowa,Ul. Kica 6,39-340,
Bolimów,Ul. Rynek Kościuszki 3,99-417,
Grybów,Ul. Grunwaldzka 43,33-330,
Brzozów,Przysietnica 859,36-200,
Pacanów,Ul. Słupska 50,28-133,
Wodzisław Śląski,Ul. Przemysława 4,44-307,
Zgłobice,Ul. Krakowska 26,33-113,
Jarosław,Pawłosiów 347a,37-500,
Racibórz,Ul. Gliwicka 14,47-400,
Kolbuszowa,Pl. Wolności 44,36-100,
Lipnica Wielka,Lipnica Wielka 206 A,34-483,
Rybczewice,Rybczewice Drugie 120,21-065,
Olszanica,Olszanica 196,38-722,
Łaziska Górne,Ul. Wyszyńskiego 2,43-173,
Wilcza Wola,Ul. Sokoła 1,36-121,
Tokarnia,Tokarnia,32-436,
Luboszyce,Ul. Luboszycka 11a,46-022,
Borek,Ul. Nadwiślańska 152,32-661,
Bodzentyn,Ul. Suchedniowska 19c,26-010,
Kazimierza Wielka,Ul. Kolejowa 27d,28-500,
Klucze,Ul. Zawierciańska 6,32-310,
Garbów,Ul. Młyńska 2,21-080,
Ciężkowice,Bogoniowice 70 A,33-190,
Korfantów,Ul. Wyzwolenia 2,48-317,
Piszczac,Ul. Polna 1,21-530,
Sokołów Małopolski,Ul. Rynek 3,36-050,
Jasionka,Jasionka 71a,36-002,
Ostrówek,Ostrówek 113,98-311,
Odrzykoń,Ul. Kazimierza Wielkiego 7b,38-406,
Jasionów,Jasionów 163,36-211,
Łopuszno,Ul. Przedborska 34b,26-070,
Łaszczów,Ul. 3 Maja 16,22-650,
Kielanówka,Kielanówka 35/1,35-106,
Szydłowiec,Ul. Staszica 19,26-500,
Wieprz,Ul. Żywiecka 909,34-382,
Kutno,Ul. Skłodowskiej-Curie 46,99-300,
Rajcza,Ul. Rynek 7,34-370,
Firlej,Ul. Rynek 8,21-136,
Tyrawa Wołoska,Tyrawa Wołoska,38-535,
Pińczów,Ul. 1 Maja 1,28-400,
Rytro,Rytro,33-343,
Głowno,Ul. Swoboda 26,95-015,
Jaworzno,Ul. Kosów 1,43-608,
Żurawica,Ul. Bankowa 8a,37-710,
Kęty,Ul. Sienkiewicza 14,32-650,
Lelów,Pl. Partyzantów 5,42-235,
Poddębice,Ul. Północna 18b,99-200,
Łososina Dolna,Łososina Dolna 334,33-314,
Bielawy,Ul. Żabia 4,99-423,
Żywiec,Ul. Krakowska 50,34-300,
Albigowa,Albigowa 341,37-122,
Pyzdry,Ul. Kościuszki 7,62-310,
Wieliczka,Ul. Limanowskiego 12,32-020,
Charsznica,Ul. Kolejowa 24,32-250,
Mielec,Ul. Wolności 66,39-300,
Bogoria,Ul. Rynek 41,28-210,
Oborniki Śląskie,Ul. Skłodowskiej-Curie 2-4,55-120,
Liszki,Kryspinów 97a,32-060,
Miedźno,Ul. Częstochowska 18,42-120,
Sułkowice,Ul. Ptasznica 2,32-440,
Radoszyce,Ul. Konecka 2,26-230,
Iwonicz Zdrój,Lubatówka 113a,38-441,
Zakopane,Ul. Droga Do Olczy 6,34-500,
Wielkie Drogi,Krakowska 319,32-051,
Radłów,Ul. Brzeska 2,33-130,
Mikołajki,Ul. Wileńska 5,11-730,
Strzebiń,Ul. Lompy 18a,42-288,
Mniów,Ul. Centralna 5,26-080,
Siepraw,Ul. Kawęciny 24,32-447,
Sulmierzyce,Pl. Turskiego 5,98-338,
Hańsk Pierwszy,Ul. Parczewska 2,22-235,
Skała,Ul. Do Cegielni 4,32-043,
Niwiska,Niwiska 262,36-147,
Ujsoły,Ul. Piotrowskiego 9a,34-371,
Susiec,Ul. Piwna 3,22-672,
Rybna,Ul. Polańskiej 24,32-061,
Laszki,Laszki 153 D,37-543,
Kędzierzyn Koźle,Ul. Bolesława Chrobrego 12,47-200,
Pasym,Ul. Warszawska 12,12-130,
Konstantynów,Pl. Wolności 27,21-543,
Praszka,Ul. Słowackiego 18,46-320,
Działoszyce,Dziekanowice 57,28-440,
Bochnia,Ul. Brzeźnicka 17,32-700,
Dobczyce,Ul. Marwin 2,32-410,
Jawiszowice,Ul. Handlowa 1,32-626,
Bodzechów,Ul. Kolejowa 26,27-420,
Rzeszów,Al. Sikorskiego 433,35-304,
Milówka,Pl. Wolności 3,34-360,
Krokowa,Ul. Kolejowa 21,84-110,
Wieliczka,Trąbki 346,32-020,
Straszęcin,Straszęcin 125a,39-218,
Brzóza Królewska,Brzóza Królewska 1036,37-307,
Nowa Dęba,Ul. Krasickiego 39,39-460,
Miechów,Ul. Konopnickiej 17,32-200,
Sułoszowa,Ul. Olkuska 167,32-045,
Tarnów,Ul. Braci Saków 36,33-100,
Krosno,Ul. Popiełuszki 76a,38-400,
Medyka,Medyka 287,37-732,
Radom,Ul. Sycyńska 27a,26-620,
Tarnogród,Ul. Rynek 12,23-420,
Bejsce,Bejsce 190,28-512,
Bestwina,Ul. Krakowska 178,43-512,
Sędziszów,Ul. Dworcowa 28,28-340,
Roźwienica,Roźwienica 203,37-565,
Zagnańsk,Samsonów 24e,26-050,
Przeworsk,Rozbórz 625,37-200,
Osiek,Ul. Rynek 13,28-221,
Wiślica,Ul. Rynek 34,28-160,
Brzozów,Ul. Parkowa 13,36-200,
Blizanów,Jarantów 50,62-814,
Kłaj,Kłaj,32-015,
Zembrzyce,Ul. Krakowska 567,34-210,
Rzeszów,Ul. Jazowa 67,35-326,
Książ Wielki,Ul. Rynek 1,32-210,
Nowa Sarzyna,Ul. Konopnickiej 3,37-310,
Stopnica,Ul. Partyzantów 5,28-130,
Brzeg,Ul. Brzechwy 3,49-305,
Górki Śląskie,Ul. Ofiar Oświęcimskich 28,47-440,
Kalwaria Zebrzydowska,Ul. Rynek 21,34-130,
Świętajno,Ul. Grunwaldzka 15a,12-140,
Ptaszkowa,Ptaszkowa,33-333,
Sułkowice,Ul. Racławicka 53a,34-125,
Szczepanów Sterkowiec,Ul. Galicyjska 1a,32-823,
Działoszyn,Ul. Wiśniowa 14b,98-355,
Jędrzejów,Ul. Reymonta 21c,28-300,
Pawłowiczki,Ul. Wyzwolenia 63,47-280,
Nowa Wieś,Ul. Dworska 5,32-651,
Dębica,Ul. Poddęby 4,39-200,
Giżycko,Bystry 11a,11-500,
Bielsko Biała,Ul. Olszówka 20a,43-309,
Pisarzowice,Ul. Floriana Św 1,43-332,
Michałów,Michałów,28-411,
Miedźna,Ul. Pszczyńska 2c,43-227,
Rzepiennik Strzyżewski,Rzepiennik Strzyżewski 161,33-163,
Gorlice,Ul. Kościuszki 73a,38-300,
Piekoszów,Ul. Częstochowska 89,26-065,
Waksmund,Ul. Nowotarska 281,34-431,
Cienin Kościelny,Cienin Kościelny 55a,62-400,
Hecznarowice,Ul. Krakowska 103,43-330,
Czearna,Ul. Konarskiego 1,39-215,
Łazy,Ul. Kościuszki 15,42-450,
Sławoborze,Ul. Świdwińska 19a,78-314,
Rychtal,Ul. Namysłowska 8,63-630,
Puńsk,Ul. Szkolna 2a,16-515,
Spychowo,Pl. Wolności 10,12-150,
Łapsze Niżne,Ul. Długa 164,34-442,
Gościcino,Ul. Brzozowa 1,84-241,
Grębów,Ul. Piaski 43,39-410,
Kamieńsk,Pl. Wolności 9,97-360,
Ślemień,Ul. Rynek 2,34-323,
Nowa Sarzyna,Ul. Jana Pawła Ii 2a,37-310,
Tomice,Ul. Wadowicka 73,34-100,
Miłki,Ul. Giżycka 30,11-513,
Gorlice,Ul. Dukielska 32,38-300,
Tuchów,Ul. Mickiewicza 48,33-170,
Łoniów,Łoniów 49,27-670,
Wola Zarczycka,Wola Zarczycka 94 B,37-311,
Jonkowo,Ul. Plac 650-Lecia,11-042,
Wilkasy,Ul. Olsztyńska 52,11-500,
Węgorzewo,Ul. Kopernika 18,11-600,
Szczurowa,Ul. Rynek 24,32-820,
Oleśnica,Ul. Szkolna 27b,28-220,
Ruciane Nida,Ul. Dworcowa 10,12-220,
Stare Juchy,Pl. Pięćsetlecia 2,19-330,
Mircze,Ul. Targowa 12,22-530,
Sawin,Ul. Rynek 18c,22-107,
Głowno,Ul. Szkolna 15,95-015,
Zwierzyniec,Ul. Zamojska 8a,22-470,
Biała Parcela,Biała-Parcela 2,98-350,
Warlubie,Ul. Dworcowa 44,86-160,
Będzin,Ul. Żwirki I Wigury 5a,42-500,
Szczebrzeszyn,Pl. Kościuszki 30,22-460,
Siedlce,Ul. Kurpiowska 8,08-101,
Kraków,Ul. Myślenicka 131,30-698,
Wróblik Szlachecki,Ul. Kolejowa,38-483,
Rytwiany,Ul. Armii Krajowej 11,28-236,
Węgierska Górka,Ul. Wyzwolenia 24,34-350,
Żabia Wola,Ul. Ogrodowa 1,96-321,
Jawornik Polski,Jawornik Polski 407,37-232,
Kurów,Ul. Lubelska 4,24-170,
Ceków,Ceków-Kolonia 36,62-834,
Krzyżanowice,Ul. Główna 7,47-450,
Goleszów,Ul. 1 Maja 7,43-440,
Lidzbark Warmiński,Ul. Ogrodowa 110/11,11-100,
Banie Mazurskie,Ul. Konopnickiej 49,19-520,
PLATERÓW,Ul. 3 Maja 14,08-210,
Zamość,Wólka Panieńska 9,22-400,
Tereszpol - Zaorenda,Tereszpol Kukielki 102,23-407,
Gorlice,Tuwima 9,38-300,
Błotnica Strzelecka,Ul. Parkowa 1a,47-134,
Czemierniki,Ul. Radzyńska 19,21-306,
Zamość,Ul. Lubelska 40,22-400,
Iwierzyce,Wiercany 67,39-124,
Ostróda,Ul. Kochanowskiego 4,14-100,
Jeleśnia,Przyborów 50,34-340,
Janów Lubelski,Ul. Liliowa 2,23-300,
Warszawa,Ul. Klaudyny 12,01-684,
Parczew,Ul. Spółdzielcza 10,21-200,
Bogoria,Ul. Staszowska 14,28-210,
Bytom,Ul. Francuska 64a,41-923,
Kraków,Ul. Kordiana 64c,30-653,
Lipnica Murowana,Lipnica Murowana 50,32-724,
Tarnów,Ul. Dąbrowskiej 13,33-100,
Lubycza Królewska,Ul. Szkolna 30,22-680,
Ustrzyki Dolne,Ul. Rynek 15,38-700,
Cergowa,Cergowa 159e,38-450,
Świątki,Świątki 48,11-008,
Białobrzegi,Budy Łańcuckie 301a,37-114,
Siepraw,Ul. Jana Pawła Ii 32,32-447,
Barciany,Ul. Wojska Polskiego 10,11-410,
Dźwierzuty,Ul. Pasymska 6,12-120,
Chełm,Ul. 11 Listopada 11,22-100,
Suwałki,Ul. Pułaskiego 81a,16-400,
Nowy Sącz,Ul. Grunwaldzka 202,33-300,
Harbutowice,Harbutowice 360,32-440,
Smyków,Królewiec 99,26-212,
Tarłów,Ul. Czekarzewska 1,27-515,
Skołyszyn,Święcany 226,38-242,
Olsztyn,Ul. Pana Tadeusza 6/6a,10-461,
Skalbmierz,Ul. Andersa 22,28-530,
Kolno,Ul. 11 Listopada 15,18-500,
Dębno,Wola Dębińska 115,32-852,
Suwałki,Ul. Świerkowa 54,16-400,
Brąszewice,Ul. Parkowa 4,98-277,
Supraśl,Ul. Cieliczańska 2,16-030,
Morawica,Ul. Chęcińska 176a,26-026,
Aleksandrów,Aleksandrów 163,23-408,
Sanoczek,Sanoczek 224,38-500,
Nadolice Wielkie,Ul. Wrocławska 11,55-003,
Stubno,Stubno 248a,37-723,
Jasło,Ul. 3 Maja 71,38-200,
Zagorzyce Górne,Zagorzyce 185a,39-126,
Miejsce Piastowe,Ul. Św. Jana 12,38-455,
Baćkowice,Baćkowice 85a,27-552,
Jaworzyna Śląska,Ul. Kościuszki 14,58-140,
Giżycko,Ul. Moniuszki 8a,11-500,
Gołubie,Ul. Sambora Ii 11,83-316,
Jasło,Ul. Floriańska 121,38-200,
Olsztynek,Ul. Mrongowiusza 30,11-015,
Przytkowice,Stryszów 626,34-146,
Szypliszki,Słobódka 48 B,16-411,
Ustka,Pl. Wolności 9,76-270,
Racławice,Racławice 165,32-222,
Sulejówek,Ul. Armii Krajowej 90,05-071,
Poraj,Ul. Armii Krajowej 2a,42-360,
Raków,Pl. Wolności 15,26-035,
Krzepice,Ul. Częstochowska 7,42-160,
Koluszki,Ul. Łódzka 2,95-040,
Iwaniska,Ul. Rynek 7,27-570,
Kęty,Ul. Partyzantów 28a,32-650,
Ligota Turawska,Ul. Starowiejska 31,46-046,
Chorkówka,Kopytowa 334,38-458,
Grodzisko Dolne,Grodzisko Dolne 242a,37-306,
Goczałkowice Zdrój,Ul. Szkolna 72,43-230,
Rzeszów,Ul. Jana Pawła Ii 175,35-317,
Krasocin,Ul. Macierzy Szkolnej 3,29-105,
Rytel,Ul. Szkolna 6,89-642,
Wieprz,Ul. Żywiecka 864,34-382,
Pierzchnica,Ul. Mickiewicza 2,26-015,
Lubień,Lubień 223,32-433,
Halinów,Wielgolas Brzeziński 56b,05-074,
Warszawa,Ul. Pustola 23,01-129,
Szczyrzyc,Szczyrzyc,34-623,
Spytkowice,Ul. Krakowska 20,34-116,
Wilczyce,Wilczyce 185a,27-612,
Gawłuszowice,Gawłuszowice 9a,39-307,
Stróże,Stróże,33-331,
Zakopane,Ul. Jagiellońska 44,34-500,
Biały Dunajec,Ul. Miłośników Podhala 17a,34-425,
Krzemienica,Krzemienica 482,37-127,
Rzeczenica,Ul. Białobórska 2,77-304,
Zebrzydowice,Zebrzydowice 367,34-130,
Kęty,Ul. Fabryczna 15a,32-650,
Kędzierzyn Koźle,Pl. Surzyckiego 3,47-224,
Cewice,Ul. Witosa 45,84-312,
Zamość,Kalinowice 247,22-400,
Kielce,Ul. Druckiego-Lubeckiego 1,25-818,
Sochaczew,Ul. Piłsudskiego 16b,96-500,
Ciężkowice,Ul. Floriana Św. 7,33-190,
Bukowsko,Bukowsko 284,38-505,
Koźminek,Ul. Mielęckiego 7f,62-840,
"Dobrodzień, Pludry",Al. Wyzwolenia 16a,46-375,
Lisków,Ul. Blizińskiego 79a,62-850,
Konarzewo,Ul. Poznańska 2,62-070,
Łapczyca,Łapczyca 581,32-744,
Pleśna,Pleśna 518,33-171,
Zasole Bielańskie,Ul. Solskiego 1,43-330,
Tylicz,Ul. Rynek 16a,33-383,
Leżajsk,Ul. Jana Z Dukli Św 20,37-300,
Małaszewicze,Ul. Wiejska 2,21-540,
Grajewo,Ul. Piłsudskiego 24,19-200,
Błażowa,Ul. Armii Krajowej 22,36-030,
Radlin,Radlin 215a,26-008,
Sandomierz,Gierlachów 188a,27-600,
Borkowice,Ul. Wiejska 35h,46-243,
Mizerów,Ul. Wyzwolenia 256,43-265,
Jaworzno,Ul. Stojałowskiego 1,43-600,
Nowa Sarzyna,Łętownia 33,37-312,
Rąbień,Ul. Dworska 2,95-070,
Rzeszów,Ul. Lubelska 42a,35-233,
Sopotnia Wielka,Sopotnia Wielka 349,34-341,
Jędrzejów,Ul. Mieszka I 10,28-300,
Czchów,Ul. Krakowska 17,32-860,
Łukowica,Łukowica 477,34-606,
Stężyca,Ul. Sychty 26,83-322,
Wydminy,Ul. Grunwaldzka 74,11-510,
Pruszcz Gdański,Ul. Chopina 38,83-000,
Strzałków,Ul. Kopernika 1,97-500,
Odrzywół,Pl. Kilińskiego 15,26-425,
Brusy,Pl. Jana Pawła Ii 2,89-632,
Wrocław,Ul. Sienkiewicza 76/84,50-349,
Jerzmanowice,Gotkowice 85,32-048,
Sokoły,Ul. Rynek Kościuszki 12,18-218,
Zakrzówek,Ul. Żeromskiego 19,23-213,
Nowa Sarzyna,Sarzyna,37-310,
Warszawa,Ul. Kawy 44,01-496,
Warszawa,Ul. Olszewska 8,00-792,
Warszawa,Bartoka 8,02-787,
Warszawa,Al. Jerozolimskie 160,02-326,
Skierbieszów,Ul. Parkowa 5,22-420,
Uniejów,Ul. Rynek 9,99-210,
Dębica,Al. Jana Pawła Ii 5,39-200,
Dębica,Nagawczyna 27a,39-200,
Nowa Słupia,Ul. Bodzentyńska 2a,26-006,
Jaworzno,Ul. Jagiellońska 5a,43-602,
Suwałki,Ul. Noniewicza 14,16-400,
Nowa Wieś,Ul. Tulipanów 35,05-806,
Jastrząb,Ul. Szydłowiecka 148,26-502,
Warszawa,Ul. Dąbrowskiego 81,02-503,
Jaworzno,Ul. Wesoła 12,43-602,
Legnica,Ul. Marsa 30,59-220,
Łubianka,Ul. Toruńska 6,87-152,
Warszawa,Ul. Śmiała 1/3,01-523,
Sochaczew,Ul. Dywizjonu 303 5,96-500,
Mielec,Al. Ducha Św 6/2,39-300,
Lubenia,Lubenia 416,36-042,
Popów,Ul. Pajęczańska 1/3,42-110,
Polska Cerekiew,Ul. Raciborska 8,47-260,
Goszczanów,Ul. Kaliska 46,98-215,
Przykona,Ul. Słoneczna 3,62-731,
Rzeszów,Ul. Krajobrazowa 13,35-119,
Janowiec Kościelny,Janowiec Kościelny 71b,13-111,
Stróża,Stróża 853,32-431,
Ostrołęka,Ul. Żeromskiego 1,07-417,
Chojna,Ul. Jagiellońska 21b,74-500,
Radziechowy,Ul. Główna 802,34-381,
Sękowa,Sękowa 448,38-307,
Łąka,Łukawiec 206,36-004,
Tuczna,Tuczna 7,21-523,
Szczekociny,Ul. Śląska 26,42-445,
Drawno,Ul. Choszczeńska 1,73-220,
Grudna Górna,Grudna Górna 97a,39-232,
Dynów,Ul. Karolówka 17,36-065,
Raciechowice,Raciechowice 119,32-415,
Miłosław,Pl. Wiosny Ludów 1,62-320,
Chełm Śląski,Ul. Śląska 98,41-403,
Warszawa,Ul. Zamieniecka 54/5/6,04-158,
Klukowo,Ul. Szkolna 4b,18-214,
Zagórów,Ul. Duży Rynek 12,62-410,
Przysucha,Ul. Świętokrzyska 41,26-400,
Jodłownik,Jodłownik 236,34-620,
Rożnowice,Rożnowice 396,38-323,
Przeworsk,Ul. Tysiąclecia 18,37-200,
Ostrowiec Świętokrzyski,Ul. Sandomierska 77,27-400,
Złota,Ul. Sienkiewicza 85,28-425,
Zwoleń,Ul. 11 Listopada 10,26-700,
Boguchwała,Zarzecze 23a,36-040,
Brzeźnica,Ul. Kalwaryjska 1,34-114,
Tarnów,Ul. Narutowicza 3,33-100,
Chłopice,Chłopice 260,37-561,
Zręcin,Ul. Szkolna 43,38-457,
Łabunie,Ul. Parkowa 4,22-437,
Przeworsk,Ul.Świętego Jana Pawła Ii 1,37-200,
Bolszewo,Ul. Cylkowskiego 1,84-239,
Pietrzykowice,Ul. Dworcowa 1,34-326,
Gidle,Pl. Dominikański 7,97-540,
Bobowa,Ul. Grunwaldzka 59,38-350,
Puńców,Ul. Cieszyńska 124,43-400,
Starachowice,Ul. Jana Pawła Ii 8,27-200,
Strażów,Strażów 341a,36-073,
Krokowa,Ul. Wejherowska 2a,84-110,
Stąporkow,Ul. 1 Maja 4a,26-220,
Świątniki Górne,Ul. Bielowicza 52,32-040,
Strzelin,Rynek 2a,57-100,
Brody,Ul. Kościelna 2a,27-230,
Oksa,Ul. Jędrzejowska 11a,28-363,
Garnek,Ul. Główna 1,42-270,
Gołkowice,Ul. 1 Maja 245,44-341,
Warszawa,Ul. Ciołka 10,01-402,
Bieliny,Ul. Kielecka 72,26-004,
Baruchowo,Baruchowo 44,87-821,
Raszyn,Ul. Pruszkowska 52,05-090,
Gryfino,Ul. Krasińskiego 66a,74-100,
Kielce,Ul. Bolesława Chrobrego 84,25-623,
Chlewiska,Ul. Słowackiego 22,26-510,
Lublin,Ul. Kiepury 12,20-838,
Lublin-Zemborzyce,Ul. Krężnicka 163,20-518,
Radecznica,Ul. Uście 6a,22-463,
Poręba Kocęby,Poręba-Kocęby 87a,07-308,
Kraśnik,Ul. Zielińskiego 5/3,23-204,
Zgórsko,Ul. Szewska 12,26-052,
Mielec,Ul. Wojsławska 283,39-300,
Brodnica,Ul. Wybickiego 9,63-112,
Bochnia,Proszówki 548,32-700,
Komarów-Osada,Ul. Rynek 6,22-435,
Włodawa,Ul. Reymonta 12,22-200,
Zator,Ul. Wadowicka 61b,32-640,
Dąbrowa Tarnowska,Ul. Piłsudskiego 31,33-200,
Kartuzy,Ul. Piłsudskiego 4,83-300,
Szczyrk,Ul. Myśliwska 92,43-370,
Bojszowy,Ul. Jana Św 58,43-220,
Łodygowice,Ul. Piłsudskiego 164,34-325,
Sonina,Sonina 301a,37-100,
Opole,Ul. Gorzołki 17,45-627,
Rzeszów,Ul. Stączka 47a,35-322,
Mirów Stary,Mirów Stary 61,26-503,
Szadek,Ul. Kościelna 6-8,98-240,
Strzyżów,Ul. Południowa 5a,38-100,
Lubsza,Ul. Lompy 77,42-287,
Grodzisk Mazowiecki,Ul. Armii Krajowej 15,05-825,
Grójec,Os. Polna Lok. B,05-600,
Staszów,Ul. Kościuszki 14c,28-200,
Obrazów,Kleczanów 19,27-641,
Głogów Małopolski,Przewrotne 5,36-003,
Rogoźno,Os. Przemysława Ii 1a,64-610,
Radom,Ul. Kusocińskiego 18,26-609,
Wancerzów,Ul. Wyzwolenia 47a,42-244,
Turawa,Ul. Ogrodowa 2b,46-045,
Rycerka Górna,Rycerka Górna 150a,34-370,
Biała Podlaska,Ul. Orzechowa 37b,21-500,
Ozorków,Ul. Konstytucji 3 Maja 82,95-035,
Świlcza,Świlcza 350c,36-072,
Krasnobród,Ul. Lelewela 21,22-440,
Radom,Ul. Słowackiego 110,26-604,
Fałków,Ul. Spacerowa 2b,26-260,
Grabowiec,Ul. Wąchocka 30,27-353,
"Piotrowice, Przeciszów",Ul. Andrychowska 243,32-641,
Kraków,Ul. Murarska 19,31-311,
Żółkiewka,Ul. Sobieskiego 19,22-335,
Sanok,Ul. Rymanowska 52,38-500,
Sandomierz,Ul. Lwowska 10b,27-600,
Mirocin,Mirocin 28,37-200,
Dębowiec,Dębowiec 180,38-220,
Jabłonka,Ul. Sobieskiego 18,34-480,
Wrocław,Ul. Grabiszyńska 56,53-504,
Wrocław,Ul. Bałuckiego 18,50-034,
Jarocin,Os. Konstytucji 3 Maja 31,63-200,
Grabowiec,Ul. Jatkowa 1,22-425,
Poznań,Os. Armii Krajowej 125,61-381,
Wrocław,Ul. Sztabowa 78,53-310,
Nowy Sącz,Ul. Zygmuntowska 15/3,33-300,
Drzewica,Ul. Kolejowa 1,26-340,
Rzeszów,Ul. Dębicka 79,35-213,
Drwina,Drwinia 241,32-709,
Rzeszów,Ul. Kolejowa 1,35-073,
Kunów,Ul. Warszawska 60,27-415,
Klikuszowa,Lasek 65,34-404,
Biała Podlaska,Ul. Batorego 14,21-500,
Przeginia,Racławice 104,32-049,
Rzeczniów,Rzeczniów 1a,27-353,
Rzerzęczyce,Ul. Skrzydlowska 77,42-270,
Olsztyn,Ul. Żwirki I Wigury 29,42-256,
Bychawa,Ul. Piłsudskiego 79,23-100,
Tarnów,Ul. Jaracza B/N,33-100,
Świekatowo,Ul. Tucholska 11,86-182,
Wrocław,Pl. Nowy Targ 11/14,50-142,
Mniszków,Ul. Piotrkowska 5,26-341,
Krasne,Krasne 134,36-007,
Ostrowiec Świętokrzyski,Ul. Leśna 2,27-400,
Meszna,Ul. Handlowa 23,43-360,
Wilkowice,Ul. Wyzwolenia 138,43-365,
Tworóg,Ul. Zamkowa 18,42-690,
Łączna,Łączna 87b,26-140,
Zawichost,Ul. Ostrowiecka 16a,27-630,
Warszawa,Al. Niepodległości 92/98,02-585,
Lewin Brzeski,Ul. Kolejowa 8,49-330,
Lipsko,Ul. 1 Maja 48,27-300,
Nisko,Ul. Sportowa 8,37-400,
Podegrodzie,Brzezna 259,33-386,
Brzezinka,Ul. Czernichowska 5,32-600,
Kamesznica,Ul. Górna,34-383,
Czubrowice,Czubrowice 90,32-049,
Rzeszów,Ul. Podwisłocze 30/1,35-309,
Gdynia,Ul. Gniewska 21,81-047,
Tarnobrzeg,Al. Warszawska 310c,39-400,
Żerków,Ul. Rynek 17,63-210,
Warszawa,Ul. Samarytanka 5,03-592,
Radymno,Ul. Złota Góra 9,37-550,
Tarnobrzeg,Ul. Mickiewicza 40,39-400,
Radom,Ul. Zbrowskiego 118,26-610,
Domaradz,Domaradz 354,36-230,
Dobrzyca,Ul. Klonów 1,63-330,
Kozienice,Ul. Hamernicka 4,26-900,
Tarnobrzeg,Ul. Kwiatkowskiego 8,39-400,
Kietrz,Ul. Wojska Polskiego 2,48-130,
Wysoka,Ul. Brzozowa 2,52-200,
Zabłotce,Zabłotce 160,38-500,
Pułtusk,Ul. Białowiejska 10,06-100,
Ożarów Mazowiecki,Ul. Partyzantów 10,05-850,
Jasło,Ul. Graniczna 2,38-200,
Muszyna Zdrój,Ul. Piłsudskiego 61a,33-370,
Jedlicze,Ul. Brzozowa 2,38-460,
Podegrodzie,Podrzecze 185,33-386,
Siedlce,Ul. Partyzantów 14b,08-110,
Warszawa,Ul. Jana Kazimierza 21,01-248,
Bieruń,Ul. Trochy 19,43-150,
Poznań,Ul. Grunwaldzka 280/280a,60-780,
Wodzisław Śląski,Ul. Targowa 12a,44-300,
Jarosław,Ul. Zamkowa 3,37-500,
Skoczów,Powiśle 1,43-430,
Opatowiec,Podskale 62,28-520,
Wierzchucino,Ul. Rozalii Św 33,84-113,
Opatówek,Ul. Dziubińskiego 1b,62-860,
Tuczępy,Tuczępy B/N,28-142,
Tyszowce,Ul. Rynek 7,22-630,
Stalowa Wola,Al. Jana Pawła Ii 10,37-450,
Krokowa,Ul. Morska 1,84-110,
Rotmanka,Al. Piłsudskiego 20a,83-010,
Siedlce,Ul. Floriańska 36,08-110,
Warta,Ul. Błękitnej Armii 22,98-290,
Elbląg,Ul. Gwiezdna 28,82-300,
Złotokłos,Ul. 3 Maja 5,05-504,
Prażmów,Ul. Ryxa 76a,05-505,
Piaseczno,Ul. Pod Bateriami 4,05-500,
Wodzisław Śląski,Ul. 26 Marca 94a,44-300,
Białystok,Ul. Hallera 44,15-002,
Bartoszyce,Ul. Bema 16b,11-200,
Miedziana Góra,Ul. Urzędnicza 1,26-085,
Babimost,Ul. Lotnicza 1,66-110,
Koszyce,Ul. Łokietkówny 10,32-130,
Rzeszów,Ul. Stwosza 19,35-113,
Poznań,Ul. Literacka 45b/102-10,60-461,
Jasienica Rosielna,Jasienica Rosielna 272a,36-220,
Jordanów,Ul. Rynek 46,34-240,
Kowalew,Ul. Bolesława Chrobrego 13,63-300,
Grybów,Kąclowa 27,33-330,
Bogacica,Ul. Szkolna 5,46-243,
Książenice,Ul. Brzozy 4a,44-213,
Świdwin,Lekowo 41a,78-312,
Wilkowice,Ul. Wyzwolenia 76,43-365,
Trzcinica,Ul. Jana Pawła Ii 75a,63-620,
Kamionki,Ul. Mostowa 12,62-023,
Czeladź,Ul. Wojkowicka 1,41-250,
Rajbrot,Rajbrot 625,32-725,
Masłowice,Masłowice 27,97-515,
Ostrów Wielkopolski,Ul. Szkolna 1,63-400,
Zagwiździe,Ul. Lipowa 2,46-030,
Łodygowice,Ul. Królowej Jadwigi 17/2,34-325,
Radomsko,Ul. Przedborska 40,97-500,
Cmolas,Cmolas 230d,36-105,
Przyrów,Ul. Szkolna 2,42-248,
Rzeszów,Al. Rejtana 23,35-326,
Horodło,Ul. Rynek 3,22-523,
Łódź,Ul. Łagiewnicka 274,91-509,
Wodzisław Śląski,Pl. Zwycięstwa 9a,44-300,
Zamość,"Skokówka, Ordynacka 32",22-400,
Sępopol,Ul. Prusa 6a,11-210,
Łupawa,Łupawa 19,76-242,
Częstochowa,Al. Pokoju 11,42-207,
Warszawa,Ul. Krakowiaków 48,02-255,
Nowy Targ,Ul. Anny Św 1,34-400,
Ulanów,Ul. Św. Trójcy 2,37-410,
Koszyce Wielkie,Ul. Tarnowska 106,33-111,
Mogilany,Ul. Krakowska 4a,32-031,
Grotniki,Ul. Ozorkowska 42,95-073,
Warszawa,Ul. Skarbka Z Gór 57,03-287,
Przeciszów,Ul. Podlesie 3,32-641,
Polanka Wielka,Ul. Kasztanowa 5a,32-607,
Dębica,Ul. Gawrzyłowska 69a,39-200,
Brzozów,Przysietnica 676,36-200,
Gostyń,Ul. Sikorskiego 4a,63-800,
Dynów,Ul. Grunwaldzka 36,36-065,
Narol,Ul. Targowa 17,37-610,
KAŃCZUGA,Ul. Piłsudskiego 52,37-220,
Przemyśl,Ul. Dolińskiego 6,37-700,
Zakopane,Ul. Kasprowicza 20,34-500,
Zakliczyn,Rynek 7,32-840,
Wierzchosławice,Wierzchosławice 853,33-122,
Nowy Sącz,Ul. Żółkiewskiego 23,33-300,
KRYNICA,Ul. Kraszewskiego 1,33-380,
Muszyna,Ul. Piłsudskiego 11,33-370,
Baligród,Pl. Wolności 31,38-606,
Lesko,Ul. Bieszczadzka 4,38-600,
Biecz,Korczyna 183,38-340,
Brzozów,Ul. Legionistów 2,36-200,
Trześniów,Trześniów 87a,36-212,
Biadoliny Szlacheckie,Biadoliny Radłowskie 345,32-828,
Krosno,Ul. Pużaka 35,38-400,
Stronie Śląskie,Ul. Nadbrzeżna 1,57-550,
Karsin,Ul. Długa 48,83-440,
Skarżysko Kościelne,Ul. Iłżecka 24,26-115,
Nysa,Ul. Tkacka 1,48-300,
Grodzisk Mazowiecki,Plac Króla Zygmunta Starego,05-825,
Kolbuszowa,Ul. Jana Pawła Ii 15,36-100,
Wolsztyn,Stary Widzim 254b,64-200,
Sanok,Ul. Przemyska 24b,38-500,
Pszów,Ul. Władysława Jagiełły 7c,44-370,
Mszczonów,Ul. Warszawska 29,96-320,
Potok,Potok Górny 104b,23-423,
Borek Stary,Borek Stary 175b,36-020,
Konstancin-Jeziorna,Ul. Świetlicowa 7/9,05-520,
Opole,Ul. Niemodlińska 26,45-710,
Opole,Jagiełły 22,45-920,
Popielów,Ul. Dworcowa 1,46-090,
Byczyna,Ul. Basztowa 10,46-220,
Nysa,Ul. Mickiewicza 41/41a,48-304,
Nysa,Ul. Grodkowska 21c/21d,48-300,
Otmuchów,Ul. Sienkiewicza 4b,48-385,
Opole,Ul. Odrodzenia 3,45-774,
Tułowice,Ul. Porcelanowa 10,49-130,
Brzóza Stadnicka,Brzóza Stadnicka 127,37-110,
Pielgrzymka,Proboszczów 33a,59-516,
Wilków,Ul. Kopernika 1,59-513,
Ludwin,Ludwin-Kolonia 25 A,21-075,
Opole,Ul. Dambonia 167,45-860,
Potęgowo,Ul. Darżyńska 4d,76-230,
Jemielnica,Ul. Nowa Kolonia 12,47-133,
Limanowa,Ul. Piłsudskiego 83b,34-600,
Gliwice,Ul. Skarbnika 3,44-103,
Miejsce Piastowe,Ul. Cmentarna 5,38-430,
Niedrzwica Duża,Ul. Lubelska 6,24-220,
Wadowice,Ul. Kopernika 10/3,34-100,
Kołobrzeg,Ul. Zygmuntowska 40,78-100,
Sandomierz,Ul. 11 Listopada 39,27-600,
Radostowice,Ul. Pszczyńska 186,43-262,
Bukowno,Ul. 1 Maja 74,32-332,
Pszczyna,Ul. Mielęckiego 13,43-200,
Grójec,Ul. Jana Pawła Ii 26,05-600,
Złoty Stok,Ul. Działkowa 6,57-250,
Bielawa,Ul. Włókniarzy 2,58-260,
Chojnów,Ul. Grodzka 6,59-225,
Małomice,Pl. Konstytucji 3 Maja 2,67-320,
Wrocław,Ul. Legnicka 23/25,53-671,
Choszczno,Ul. Bolesława Chrobrego 1a,73-200,
Jaworzno,Al. Piłsudskiego 27d,43-600,
Lubań,Ul. Łużycka 1,59-800,
Lubań,Ul. Tkacka 4,59-800,
Mirsk,Ul. Bohaterów Znad Nysy 3,59-630,
Oława,Ul. Kasprowicza 2,55-200,
Opole,Ul. Szarych Szeregów 11,45-284,
Rusiec,Ul. Wieluńska 25a,97-438,
Szprotawa,Ul. Konopnickiej Dz. 330/3,67-300,
Toszek,Ul. Gliwicka 30,44-180,
Wrocław,Ul. Kolejowa 48a,53-508,
Złotoryja,Ul. Legnicka 41,59-500,
Wrocław,Ul. Czarnieckiego 13,53-650,
Biała,Rynek 21,48-210,
Bielawa,Ul. Wolności 34,58-260,
Bierutów,Rynek 20,56-420,
Bogatynia,Ul. Żołnierzy Ii Awp 5a,59-920,
Bogatynia,Ul. Parkowa 3,59-916,
Boguszów - Gorce,Ul. Traugutta 2a,58-371,
Bojanowo,Ul. Dworcowa 33,63-940,
Bolesławiec,Ul. Asnyka 24,59-700,
Bolesławiec,Ul. Kubika 22,59-700,
Bolesławiec,Ul. Sadowa 21,59-700,
Bolesławiec,Ul. Mickiewicza 6b,59-700,
Brody,Ul. Wolności 9,68-343,
Brzeg Dolny,Ul. Jana Pawła Ii 12,56-120,
Bystrzyca Kłodzka,Os. Szkolne 10,57-500,
Bytom Odrzański,Ul. Kożuchowska 1,67-115,
Chocianów,Ul. Kościuszki 1,59-140,
Chodzież,Ul. Małachowskiego 2,64-800,
Chojnów,Ul. Legnicka 25,59-225,
Dobiegniew,Ul. Gdańska 9,66-520,
Dobra,Ul. Kilińskiego 1,62-730,
Gliwice,Ul. Czajki 9,44-122,
Gliwice,Ul. Literatów 72,44-113,
Głogów,Ul. Gwiaździsta 10,67-200,
Głogów,Ul. Brzeska 7,67-200,
Głubczyce,Ul. Kościuszki 3b,48-100,
Głuchołazy,Ul. Chopina 30,48-340,
Głuchołazy,Ul. Kościuszki 6,48-340,
Głuszyca,Ul. Sienkiewicza 69a,58-340,
Głuszyca,Ul. Grunwaldzka 8,58-340,
Godów,Ul. 1 Maja 11a,44-340,
Gorzów Wielkopolski,Ul. Budowlanych 20,66-400,
Gorzów Wielkopolski,Szarych Szeregów 11,66-400,
Grodków,Reymonta 7,49-200,
Gubin,Ul. Gdyńska 1a,66-620,
Prudnik,Ul. Chopina 10,48-200,
Jawor,Ul. Moniuszki 10,59-400,
Jaworzyna,Ul. Jana Pawła Ii 3,58-140,
Kamieniec Wrocławski,Ul. Malinowa 2,55-002,
Kamieniec Ząbkowicki,Ul. Złotostocka 13,57-230,
Kędzierzyn Koźle,Ul. Kazimierza Wielkiego 7,47-232,
Kępno,Ul. Sienkiewicza 19,63-600,
Kłodzko,Ul. Browarna 4,57-300,
Krobia,Rynek 16,63-840,
Krosno Odrzańskie,Ul. Słubicka 4,66-600,
Kudowa Zdrój,Ul. Zdrojowa 11a,57-350,
Legnica,Ul. Kilińskiego 2,59-220,
Leśna,Ul. Orzeszkowej 1,59-820,
Lubawka,Ul. Wodna 26,58-420,
Lubsko,Ul. Reja 1,68-300,
Łękno,Ul. Poznańska 4,63-020,
Międzybórz,Ul. Wrocławska 19,56-513,
Międzyrzecz,Ul. Krasińskiego 5,66-300,
Milicz,Ul. Trzebnicka 8,56-300,
Żagań,Ul. Rynek 2,68-100,
Żagań,Ul. Szkolna 43b,68-100,
Żagań,Osiedle Na Górce 47,68-100,
Żagań,Pl. Słowiański 6,68-100,
Żary,Ul. Podwale 14b,68-200,
Żary,Ul. Zawiszy Czarnego 14a,68-200,
Namysłów,Ul. Wały Jana Iii 2,46-100,
Niemcza,Rynek 26,58-230,
Nowa Ruda,Ul. Teatralna 11,57-400,
Nowa Ruda,Ul. Słupiecka 10,57-400,
Nowa Ruda,Ul. Piłsudskiego 2,57-400,
Nowa Sól,Ul. Głogowska 2,67-100,
Nowogrodziec,Ul. Krótka 12,59-730,
Nowogród Bobrzański,Ul. Rynek 8,66-010,
Nowy Tomyśl,Os. Batorego 53,64-300,
Obra,Ul. Szkolna 21,64-211,
Olkusz,Ul. Kazimierza Wielkiego 65,32-300,
Olszyna Lubańska,Wolności 12a,59-830,
Oława,Ul. Bolesława Chrobrego 56 C,55-200,
Opole,Ul. Pasieczna 6b,45-087,
Ostrów Wielkopolski,Ul. Kompałły 1,63-400,
Paczków,Ul. Jagiellońska 3,48-370,
Piechowice,Ul. Kryształowa 64,58-573,
Pieńsk,Ul. Ojca Tomaszka 21,59-930,
Polanica Zdrój,Ul. Warszawska 13,57-320,
Polkowice,Ul. Skalników 32b,59-100,
Poniec,Ul. Rynek 26,64-125,
Prudnik,Ul. Damrota 11/1,48-200,
Prudnik,Ul. Łangowskiego 3,48-200,
Prudnik,Ul. Powstańców Śląskich 2,48-200,
Przemków,Ul. Rybna 4c,59-170,
Przytoczna,Ul. Główna 55c,66-340,
Pyrzyce,Ul. 1 Maja 12,74-200,
Radlin,Ul. Korfantego 4,44-310,
Rakoniewice,Ul. Grodziska 1 A,62-067,
Rawicz,Ul. Kmicica 3,63-900,
Rybnik,Ul. Mościckiego 3,44-273,
Siedlec,Ul. Zbąszyńska 13,64-212,
Sobótka,Ul. Rynek 6,55-050,
Sośnicowice,Ul. Raciborska 6,44-153,
Stara Kamienica,Stara Kamienica 80,58-512,
Stawiszyn,Pl. Wolności 20,62-820,
Strzegom,Ul. Kościuszki 8,58-150,
Strzelin,Ul. Wolności 30,57-100,
Szczerców,Ul. Rzeczna 1,97-420,
Ścinawa,Ul. Kościuszki 31,59-330,
Śmigiel,Ul. Skarzyńskiego 5a,64-030,
Śmigiel,Ul. Jagiellońska 5,64-030,
Środa Śląska,Ul. Legnicka 26/28,55-300,
Świdnica,Ul. Saperów 2,58-100,
Świdnica,Ul. Ofiar Oświęcimskich 48,58-105,
Świdnica,Ul. Franciszkańska 9,58-100,
Świdnica,Ul. Dąbrowskiego 6,58-105,
Świdnica,Ul. Kozara-Słobódzkiego 19a,58-105,
Świebodzice,Ul. Sudecka 10,58-160,
Świeradów Zdrój,Ul. Sienkiewicza 8,59-850,
Tarnowskie Góry,Ul. Armii Krajowej 1,42-609,
Trzebień,Ul. Leśna 6,59-707,
Twardogóra,Pl. Piastów 20,56-416,
Tychy,Ul. Husarii Polskiej 27,43-100,
Ujazd,Pl. Wolności 13,97-225,
Wieruszów,Ul. Jana Pawła Ii 2,98-400,
Witnica,Ul. Sikorskiego 17,66-460,
Wolsztyn,Ul. Poznańska 8,64-200,
Wolsztyn,Ul. Słowackiego 18,64-200,
Wołów,Ul. Zwycięstwa 9,56-100,
Wrocław,Ul. Kamieńskiego 92/102,51-124,
Wrocław,Ul. Komandorska 147,53-344,
Wrocław,Ul. Kluczborska 25,50-323,
Wrocław,Ul. Januszowicka 17/19,53-135,
Wrocław,Al. Pracy 27f,53-231,
Wrocław,Gajowa 35-37,50-520,
Wschowa,Ul. Zielony Rynek 7,67-400,
Zawidów,Ul. Skłodowskiej-Curie 2,59-970,
Zbąszynek,Ul. Wojska Polskiego 39,66-210,
Zgorzelec,Ul. Poniatowskiego 23a,59-900,
Zgorzelec,Ul. Warszawska 52,59-900,
Zielona Góra,Ul. Budziszyńska 10,65-945,
Zielona Góra,Ul. Fabryczna 2a,65-410,
Złoczew,Ul. Przechodnia 1,98-270,
Złotoryja,Ul. Basztowa 38,59-500,
Skaryszew,Ul. Słowackiego 7,26-640,
Górzyca,Ul. Kostrzyńska 5a,69-113,
Jenin,Ul. Gorzowska 153b,66-450,
Bogdaniec,Ul. Mickiewicza 56a,66-450,
Gorzów Wielkopolski,Ul. Kostrzyńska 58,66-400,
Gorzów Wielkopolski,Ul. Walczaka 13b,66-400,
Świdwin,Ul. Połczyńska 2,78-300,
Stare Pole,Ul. Dworcowa 2c,82-220,
Buszkowiczki,Buszkowiczki 45b,37-710,
Bystrzyca Kłodzka,Pl. Wolności 5/2,57-500,
Jedlicze,Ul. Manierskiego 11,38-460,
Iwanowice Włościańskie,Ul. Jurajska 8,32-095,
Ząbkowice Śląskie,Ul. Ziębicka 35,57-200,
Wylewa,Wylewa 170c,37-530,
Kołaczyce,Nawsie Kołaczyckie 5a,38-213,
Brenna,Ul. Górecka 142,43-438,
Gniewino,Ul. Pomorska 58,84-250,
Bralin,Ul. Wrocławska 63,63-640,
Sobowidz,Ul. Kościuszki 11,83-033,
Jarosław,Ul. Skarbowskiego 10j,37-500,
Lubsza,Ul. Brzeska 21,49-313,
Skalmierzyce,Ul. Podkocka 1l,63-460,
Łukta,Ul. Mazurska 1,14-105,
Stalowa Wola,Ul. Okulickiego 16c,37-450,
Stargard,Ul. Kramarska 1,73-110,
Piaseczno,Ul. Główna 9,05-500,
Osjaków,Ul. Targowa 2,98-320,
Krasocin,Ul. Kielecka 17,29-105,
Głogów Małopolski,Budy Głogowskie 520a,36-060,
Dankowice,Ul. Oświęcimska 2,43-331,
Pionki,Ul. Guzala 4a,26-670,
Dobrzechów,Dobrzechów 83a,38-122,
Jeleśnia,Ul. Rynek 15,34-340,
Kołobrzeg,Ul. Wylotowa 12a,78-100,
Bydgoszcz,Ul. Głowackiego 49,85-717,
Chałupki,Ul. Bogumińska 1,47-460,
Dobrzyków,Ul. Słoneczna 22,09-522,
Kołobrzeg,Ul. Tarnopolska 2/1u,78-100,
Wielgomłyny,Niedośpielin 70,97-525,
Nowe Rybie,Rupniów 334,34-652,
Siedlce,Ul. Romanówka 18,08-101,
Zalesie Górne,Ul. Pionierów 17,05-540,
Nowa Wieś Ełcka,Ul. Ełcka 9a,19-321,
Kołobrzeg,Ul. Koszalińska 24/I,78-100,
Jarosław,Ul. Reformacka 3,37-500,
Liszki,Liszki 570,32-060,
Zakliczyn,Ul. Malczewskiego 57a,32-840,
Solec Zdrój,Ul. Sienkiewicza 4,28-131,
Syrynia,Ul. Powstańców Śląskich 25d,44-361,
Borzytuchom,Ul. Zwycięstwa 37,77-141,
Wejherowo,Ul. Necla 8/L 1,84-200,
Błaszki,Ul. Pomorska 2,98-235,
Bukowiec,Ul. Tucholska 6,86-122,
Harta,Harta 320,36-067,
Bełżec,Ul. Zamojska 16,22-670,
Szydłów,Ul. Urocza 2,28-225,
Koziegłowy,Ul. Kościuszki 3,42-350,
Werbkowice,Ul. Zamojska 6,22-550,
Poznań,Ul. Krańcowa 62,61-036,
Wodynie,Ul. Siedlecka 69,08-117,
Częstochowa,Ul. Spółdzielczości 4,42-280,
Szczecin,Ul. Rayskiego 2,70-426,
Jodłownik,Jodłownik 288,34-620,
Krotoszyce,Ul. Piastowska 32,59-223,
Bełchatów,Ul. Kościuszki 12,97-400,
Ryżki,Ryżki 80b,21-400,
Munina,Ul. 3 Maja 133,37-514,
Busko Zdrój,Ul. Grotta 38,28-100,
Warszawa,Ul. Kłobucka 8b,02-699,
Daleszyce,Pl. Staszica 26,26-021,
Żarnowiec,Ul. Kościuszki 6,42-439,
Dziergowice,Ul. Raciborska 7a,47-244,
Wiśniowa,Wiśniowa 229a,38-124,
Wola Rzędzińska,Wola Rzędzińska 157 B,33-150,
Gołubie,Ul. Krótka 1,83-316,
Malawa,Malawa 649,36-007,
Cekcyn,Ul. Główna 10,89-511,
Milczany,Milczany 97,27-600,
Lubaczów,Ul. Słowackiego 1,37-600,
Limanowa,Ul. Zygmunta Augusta 14,34-600,
Warszawa,Ul. Grochowska 355,03-822,
Reńska Wieś,Ul. Kozielska 4,47-208,
Boguchwała,Ul. Mickiewicza 1,36-040,
Szalowa,Szalowa 111,38-331,
Zielona Góra,Ul. Braniborska 15b,65-273,
Pogórska Wola,Pogórska Wola 78d,33-152,
Brzeziny,Ul. Kaliska 17,62-874,
Miechów,Ul. Sienkiewicza 14,32-200,
Krzczonów,Ul. Żeromskiego 5,23-110,
Samborzec,Samborzec 89,27-650,
Klimontów,Ul. Sandomierska 35,27-640,
Sokolniki,Ul. Nowa 2,39-434,
Wieluń,Os. Wyszyńskiego 40,98-300,
Przemyśl,Ul. Pola 36,37-700,
Łagów,Ul. Rynek 40,26-025,
Rypin,Ul. Ogrodowa 13,87-500,
Bochnia,Ul. Proszowska 1,32-700,
DĘBSKA KUŹNIA,Ul. Wiejska 75,46-053,
Wrocław,Ul. Henryka Pobożnego 11,50-241,
Nowy Wiśnicz,Połom Duży 199,32-720,
Morzeszczyn,Ul. Kociewska 8,83-132,
Rogów Sobócki,Ul. Szkolna 1,55-050,
Stary Sącz,Ul. Podegrodzka 4,33-340,
Rzeszów,Ul. Architektów 11,35-082,
Dębno,Dębno 218,37-305,
Zawada Książęca,Ul. Raciborska 57,47-442,
Wola Batorska,Wola Batorska 583,32-007,
Warszawa,Ul. Dzieci Warszawy 40a,02-495,
Miłoszyce,Ul. Główna 6,55-220,
Proszowice,Ul. Kościuszki 86,32-100,
Ostrowiec Świętokrzyski,Ul. Ostrowiecka 7 B,27-400,
Opatów,Ul. Sienkiewicza 19,27-500,
Debrzno,Ul. Czerniakowska 7,77-310,
Hoczew,Hoczew 96,38-604,
Wiązownica,Ul. Piwodzka 2,37-522,
Warszawa,Ul. Szeligowska 10,01-319,
Tuchomie,Ul. Jana Iii Sobieskiego 13a,77-133,
Mordarka,Mordarka 761,34-600,
Trzebownisko,Trzebownisko 817,36-001,
Lesko,Bóbrka 49,38-623,
Pałecznica,Ul. Małopolska 8a,32-109,
Łomnica Zdrój,Łomnica-Zdrój 525,33-351,
Suchedniów,Ul. Fabryczna 5,26-130,
Obsza,Obsza 139,23-413,
Kamień,Kamień 275,36-053,
Barwałd Górny,Barwałd Górny 310a,34-130,
Koziebrody,Koziebrody,09-140,
Sońsk,Ul. Ciechanowska 51,06-430,
Giżycko,Ul. Nowowiejska 4a,11-500,
Rossosz,Ul. Batalionów Chłopskich 87,21-533,
Nowy Sącz,Ul. Zielona 55a,33-300,
Inowrocław,Ul. Emilii Plater 10,88-100,
Trzcianka,Ul. Sikorskiego 15,64-980,
Pakość,Ul. Jana Św. 15/17,88-170,
Zgierz,Ul. Gałczyńskiego 34,95-100,
Barcin,Ul. 4 Stycznia 47,88-190,
Inowrocław,Al. Niepodległości 70a,88-100,
Inowrocław,Ul. Narutowicza 64,88-100,
Międzychód,Ul. Piłsudskiego 45,64-400,
Janikowo,Ul. Dworcowa 9,88-160,
Inowrocław,Ul. Jagiellońska 26,88-100,
Szamotuły,Ul. Sportowa 37,64-500,
Bydgoszcz,Ul. Czerkaska 11,85-636,
Żnin,Ul. Aliantów 1d,88-400,
Murowana Goślina,Ul. Długa 25,62-095,
Mogilno,Ul. Hallera 13,88-300,
Kwidzyn,Ul. Brzechwy 5,82-500,
Andrespol,Ul. Rokicińska 128b,95-020,
Pobiedziska,Ul. Królowej Jadwigi 4,62-010,
Bydgoszcz,Ul. Broniewskiego 4,85-316,
Myślibórz,Ul. Łużycka 1a,74-300,
Czarnków,Os. Parkowe 13,64-700,
Szubin,Ul. Ogrodowa 3,89-200,
Piła,Ul. Ludowa 35,64-920,
Inowrocław,Ul. Władysława Łokietka 29,88-100,
Gniewkowo,Ul. Dreckiego 19,88-140,
Inowrocław,Ul. Laubitza 8,88-100,
Kruszwica,Ul. Kujawska 9,88-150,
Oborniki,Ul. Piłsudskiego 41,64-600,
Krzyż Wielkopolski,Pl. Zwycięstwa 1,64-761,
Końskie,Ul. Kilińskiego 21,26-200,
Skoki,Ul. Wągrowiecka 4b,62-085,
Więcbork,Ul. Mickiewicza 16,89-410,
Bydgoszcz,Ul. Nakielska 213,85-391,
Poręba,Ul. Wojska Polskiego 22,42-480,
Kostrzyn nad Odrą,Ul. Kopernika 3/5,66-470,
Połaniec,Ul. Żapniowska 3,28-230,
Janikowo,Ul. Klonowa 7,88-160,
Inowrocław,Ul. Andrzeja 19,88-100,
Skwierzyna,Ul. Stefana Batorego 10,66-440,
Lipno,Ul. 3 Maja 3,87-600,
Bydgoszcz,Ul. Konopnickiej 28,85-124,
Pabianice,Ul. Łaska 50,95-200,
Drezdenko,Ul. 1 Brygady 1g,66-530,
Łódź,Al. Wyszyńskiego 7a,94-042,
Strzegowo,Ul. Wyzwolenia 25a,06-445,
Lubień Kujawski,Ul. 1 Maja 3,87-840,
Dobiegniew,Ul. Gdańska 34,66-520,
Chorzele,Ul. Witosa 3,06-330,
Staszów,Ul. Opatowska 32,28-200,
Kowal,Ul. Zamkowa 8,87-820,
Barlinek,Ul. Niepodległości 12,74-320,
Brzeziny,Ul. Sienkiewicza 5,95-060,
Wysokie Mazowieckie,Ul. Rynek 41,18-200,
Czarnków,Ul. Sikorskiego 31,64-700,
Zambrów,Ul. Świętokrzyska 11,18-300,
Kutno,Ul. Barlickiego 22b,99-300,
Płock,Ul. Padlewskiego 18c,09-402,
Mielec,Ul. Biernackiego 2,39-300,
Staroźreby,Ul. Mostowa 2,09-440,
Zgierz,Ul. Tuwima 20,95-100,
Wolbrom,Ul. Krakowska 43,32-340,
Kostrzyn nad Odrą,Ul. Drzewicka 1a,66-470,
Rzepin,Ul. Słubicka 27,69-110,
Kosów Lacki,Ul. Pańska 8,08-330,
Sanniki,Ul. Warszawska 181a,09-540,
Nieporęt,Pl. Wolności 3a,05-126,
Brudzeń Duży,Ul. Witosa 1,09-414,
Bielsk,Ul. Płocka 27a,09-230,
Tarnowo Podgórne,Ul. Szkolna 1e,62-080,
Kargowa,Ul. Rynek 3,66-120,
Lubraniec,Ul. Brzeska 35,87-890,
Radom,Ul. Sempołowskiej 5,26-605,
Drobin,Ul. Gospodarska 7,09-210,
Kadzidło,Ul. Kościuszki 6a,07-420,
Kruszwica,Ul. Zamkowa 3,88-150,
Wągrowiec,Ul. Lipowa 12,62-100,
Łochowo,Ul. Grabowa 1,86-065,
Brzoza,Ul. Łabiszyńska 1,86-061,
Góra Kalwaria,Ul. Pijarska 17,05-530,
Bodzanów,Ul. Wyszogrodzka 9,09-470,
Płock,Ul. Otolińska 11,09-407,
Stargard Szczeciński,Ul. Szczecińska 45,73-110,
Węgrów,Al. Siedlecka 1,07-100,
Łomża,Ul. Wojska Polskiego 20,18-400,
Dwikozy,Ul. Sandomierska 106a,27-620,
Kraków,Ul. Komandosów 8,30-334,
Kraków,Ul. Jerzmanowskiego 38,30-836,
Kraków,Ul. Wenedy 3,30-833,
Kraków,Os. Na Stoku 1,31-701,
Kraków,Os. Bohaterów Września 26,31-621,
Kraków,Os. Piastów 21,31-624,
Kraków,Os. Centrum A B 5,31-923,
Kraków,Os. Kazimierzowskie 34,31-844,
Kraków,Ul. Gertrudy Św. 5,31-046,
Łosice,Ul. Piłsudskiego 14,08-200,
Piła,Ul. Promienna 32,64-920,
Nowy Dwór Mazowiecki,Ul. 29 Listopada 376,05-160,
Biłgoraj,Ul. Długa 67,23-400,
Sieraków,Ul. Poznańska 40b,64-410,
Pisz,Ul. Czerniewskiego 30,12-200,
Lubasz,Ul. Bolesława Chrobrego 33f,64-720,
Słubice,Ul. Kopernika 5,69-100,
Witnica,Ul. Gorzowska 1,66-460,
Krzeszowice,Ul. Floriana Św. 1,32-065,
Łódź,Ul. Pojezierska 1a,91-323,
Sulęcin,Ul. Witosa 1,69-200,
Krościenko nad Dunajcem,Ul. Jana Iii Sobieskiego 2b,34-450,
Kolno,Ul. Wojska Polskiego 24,18-500,
Żelechów,Ul. Długa 130b,08-430,
Baboszewo,Ul. Odrodzenia 2a,09-130,
Rzgów k/Konina,Pl. Stuczyńskich 10a,62-586,
Oświęcim,Ul. Bema 8a,32-600,
Warka,Ul. Armii Krajowej 3,05-660,
Zgierz,Ul. Łódzka 70/79,95-100,
Płock,Ul. Tysiąclecia 14,09-400,
Płock,Ul. Czwartaków 4,09-410,
Sierpc,Ul. Płocka 41,09-200,
Gostynin,Ul. Dmowskiego 7,09-500,
Łowicz,Ul. Stanisławskiego 1,99-400,
Płock,Ul. Wyszogrodzka 163,09-410,
Płock,Al. Jachowicza 37,09-402,
Żychlin,Ul. Łąkowa 3a,99-320,
Żuromin,Ul. Warszawska 6,09-300,
Raciąż,Ul. Kościuszki 9,09-140,
Warszawa,Ul. Czumy 3c,01-355,
Kutno,Ul. Warszawskie Przedmieście,99-300,
Płock,Ul. Dobrzyńska 56,09-400,
Maków Mazowiecki,Ul. Moniuszki 46,06-200,
Wyszków,Ul. Prosta 2a,07-202,
Płońsk,Ul. Grunwaldzka 58,09-100,
Dobrzyń nad Wisłą,Pl. Wolności 20a,87-610,
Wyszków,Ul. Centralna 10,07-200,
Łomża,Ul. Wyszyńskiego 30,18-400,
Wołomin,Ul. Wileńska 61a,05-200,
Płock,Ul. Kolejowa 41,09-401,
Nowy Dwór Mazowiecki,Ul. Pileckiego 21,05-101,
Łowicz,Pl. Koński Targ 9,99-400,
Ostrołęka,Ul. 11 Listopada 72,07-410,
Ostrołęka,Ul. Sobieskiego 1,07-410,
Legionowo,Ul. Warszawska 66,05-120,
Gąbin,Ul. Kilińskiego 3,09-530,
Różan,Ul. Ostrowska 3,06-230,
Mława,Ul. Zduńska 23,06-500,
Łowicz,Ul. Warszawska 4,99-400,
Małkinia Górna,Ul. Nurska 45,07-320,
Ostrołęka,Ul. Hallera 27,07-410,
Wyszogród,Ul. Niepodległości 10a,09-450,
Strzelno,Ul. Raj 2,84-103,
Piotrków Kujawski,Ul. Krótka 11,88-230,
Radziejów,Ul. Brzeska 25,88-200,
Szczecin,Ul. Budziszyńska 1,70-022,
Orońsko,Ul. Brandta 41,26-505,
Więcbork,Ul. Gdańska 15c,89-410,
Czchów,Ul. Sądecka 9,32-860,
Łódź,Ul. Kostki-Napierskiego 2,94-056,
Pińczów,Ul. Grunwaldzka 21,28-400,
Jełowa,Ul. Dworcowa 34,46-024,
Rumia,Ul. Wybickiego 11a,84-230,
Busko Zdrój,Ul. Wojska Polskiego 69,28-100,
Potok,Ul. Potok 452a,38-400,
Rudy,Ul. Rogera 3,47-430,
Nozdrzec,Nozdrzec 235a,36-245,
Iskrzynia,Ul. Podkarpacka 99a,38-422,
Stare Budkowice,Ul. Ogrodowa 1,46-030,
Warszawa,Ul. Chrzanowskiego 16,04-392,
Jeleśnia,Ul. Jana Kazimierza 1,34-340,
Nowe Brzesko,Ul. Krakowska 46,32-120,
Lipie,Ul. Parkowa 10,42-165,
Bytom,Ul. Karpacka 1a,41-907,
Zblewo,Ul. Kościerska 2,83-210,
Wilcza,Ul. Miarki 16d,44-189,
Hażlach,Ul. Długa 23a,43-419,
Stoczek Łukowski,Ul. Armii Krajowej 4,21-450,
Czudec,Babica 416c,38-120,
Warszawa,Ul. Starodęby 8,02-497,
Warszawa,Ul. Pontonierów 11,00-910,
Waśniów,Ul. Ostrowiecka 13,27-425,
Pieniężno,Ul. Dworcowa 25,14-520,
Wisznice,Ul. Kraszewskiego 16,21-580,
Łódź,Ul. Legionów 66 U1 U2,90-703,
Stróża-Kolonia,Ul. Akacjowa 34,23-206,
Szydłowiec,Ul. Sowińskiego 6a,26-500,
Sulejówek,Ul. Narutowicza 38,05-071,
Torzym,Ul. Wojska Polskiego 67,66-235,
Łódź,Ul. Przędzalniana 110,93-286,
Pasłęk,Ul. Spacerowa 2,14-400,
Zgierz,Ul. Chełmska 40,95-100,
Uherce Mineralne,Uherce Mineralne 125c,38-623,
Bystra Podhalańska,Bystra Podhalańska 884,34-235,
Frydman,Ul. Kamienne Pole 61,34-435,
Zębowice,Ul. Oleska 6,46-048,
Tarnów,Ul. Reymonta 25,33-100,
Szczytno,Ul. Odrodzenia 11,12-100,
Piastów,Ul. Pileckiego 2,05-820,
Warszawa,Ul. Myśliborska 114,03-185,
Wyrzysk,Ul. Grunwaldzka 11,89-300,
Chojnice,Ul. Wyszyńskiego 20,89-600,
Koronowo,Ul. Alfonsa Hoffmanna 46,86-010,
Leżajsk,Wierzawice 300a,37-300,
Skoczów,Ul. Morcinka 20a,43-430,
Warszawa,Ul. Białej Floty 4 Lok.2,02-654,
Łódź,Ul. 11 Listopada 26,91-370,
Nowy Dwór Mazowiecki,Ul. Przejazd 14,05-100,
Nowe Miasto nad Pilicą,Ul. Warszawska 17,26-420,
Sokołów Podlaski,Ul. Wolności 47,08-300,
Wieluń,Os. Stare Sady 12a,98-300,
Kłodzko,Ul. Warty 2,57-300,
Nadarzyn,Ul. Graniczna 2,05-830,
Radzanów,Ul. Mławska 1,06-540,
Rzeszów,Ul. Kotuli 3,35-122,
Łódź,Ul. Struga 57,90-648,
Słupsk,Ul. 11 Listopada 17,76-200,
Przechlewo,Ul. Człuchowska 22,77-320,
Zagórz,Ul. Wolności 37,38-540,
Nowy Sącz,Ul. Nawojowska 320h,33-300,
Ludźmierz,Ul. Jana Pawła Ii 110,34-471,
Elbląg,Ul. Hetmańska 35-37,82-300,
Dziemiany,Ul. 3 Maja 1,83-425,
Mierzęcice,Ul. Wolności 92a,42-460,
Nowa Wola,Ul. Krasickiego 110,05-500,
Warszawa,Ul. Modzelewskiego 63u/001,02-679,
Gorzów Wielkopolski,Ul. Kobylogórska 21,66-400,
Pogrzebień,Ul. Pamiątki 76,44-285,
Wojnicz,Ul. Loretańska 1a,32-830,
Wschowa,Ul. Wolsztyńska 16,67-400,
Chocicza,Ul. Śremska 19,63-041,
Łasin,Ul. Konarskiego 16,86-320,
Bochnia,Ul. Wojska Polskiego 6,32-700,
Jadowniki,Ul. Środkowa 4,32-851,
Łuków,Łazy 159,21-400,
MĘDRZECHÓW,Mędrzechów 17,33-221,
Widełka,Widełka 626,36-145,
Książ Wielki,Ul. Długosza 3b,32-210,
Łódź,Ul. Tramwajowa 17b,90-132,
Śrem,Ul. Gostyńska 51,63-100,
Łomianki,,,
Warszawa,Ul. Kondratowicza 18,03-285,
Rudna Wielka,Rudna Wielka 77b,36-054,
Sztum,Os. Różane 13,82-400,
Masłowo,Ul. Śląska 49a,63-900,
Ostrów,Ul. Ostrów 33b,39-103,
Pawłów,Pawłów 50,27-225,
Lidzbark,Ul. Zieluńska 9,13-230,
Borowa,Borowa 329a,39-305,
MAŁASZEWICZE,Ul. Warszawska 29,21-540,
Łosice,Ul. Wiejska 1a,08-200,
JAROSŁAW,Ul. Kruhel Pełkiński 167,37-500,
DĘBOWIEC,Zarzecze 350,38-220,
Moszczenica,Ul. Cesarska 123,38-321,
Dąbrowa Zielona,Ul. Partyzantów 2a,42-265,
Bachowice,Ul. Księdza Gołby 50,34-116,
Wrocław,Ul. Pełczyńska 23,51-180,
94-046,Ul. Armii Krajowej 29,94-046,
BIELSK PODLASKI,Ul. Chmielna 27a,17-100,
NAREW,Ul. Bielska 1,17-210,
SZTABIN,Ul. Kościuszki 13,16-310,
BUSKO ZDRÓJ,Ul. Stawowa 19,28-100,
Ostrzeszów,Ul. Piastowska 1,63-500,
Trzemeśnia,Łęki 346,32-425,
Kamionka Wielka,Ul. Kamionka 512,33-334,
Międzyrzec Podlaski,Ul. Brzeska 53a,21-560,
Wierzchucino,Ul. Abrahama 22 Dz.35 I 36,84-113,
Łomianki,Ul. Warszawska 27,05-092,
Radymno,Ul. Słowackiego 28,37-550,
Radgoszcz,Ul. Jagiellońska 29a,33-207,
Szydłowiec,Ul. Kościuszki 213,26-500,
Rzeszów,Ul. Beskidzka 95,35-083,
Busko Zdrój,Ul. Bohaterów Warszawy 118,28-100,
Kruklanki,Ul. Wodna 5,11-612,
Warszawa,Ul. Wrocławska 20/2,01-493,
Kraszewice,Ul. Wieruszowska 1,63-522,
Gręzówka–Kolonia,Gręzówka-Kolonia 133,21-400,
Reguły,Ul. Regulska 49/2,05-816,
Sandomierz,Ul. Armii Krajowej 1,27-600,
Łęg Tarnowski,Ul. Witosa 158,33-131,
Nowa Wieś Ełcka,Ul. Nowowiejska 1a,19-321,
KOPRZYWNICA,Ul. Krakowska 137a,27-660,
  Łapy,Ul. Żwirki I Wigury 25,18-100,
Brok,Ul. Dąbrowskiego 34,07-306,
Trzciana,Trzciana 435,39-304,
Kaźmierz,Rynek 5,64-530,
ZATOR,Ul. Staszica 35,32-640,
Ropczyce,Ul. Kolejowa 27a,39-100,
Biały Dunajec,Ul. Jana Pawła Ii 297,34-425,
CZARNA,Czarna 265,37-125,
Myślenice,Borzęta 504,32-400,
Męcina,Męcina 1077,34-654,
Krosno,Ul. Korczyńska 21,38-400,
Blizne,Blizne 553,36-221,
Zgłobień,Zgłobień 72a,36-046,
Żarki,Ul. Częstochowska 10,42-310,
Kielce,Ul. Warszawska 147,25-547,
Koszarawa,Ul. Koszarowa 117a,34-332,
Kościuszki 152B,Ul. Kościuszki 152,26-120,
Szreńsk,Ul. Żuromińska 8,06-550,
Studzian,Studzian 424,37-200,
Stąporków,Ul. Piłsudskiego 132,26-220,
