__lat,__lon,addr:postcode,addr:city,addr:place,addr:street,addr:housenumber,email,fax,name,official_name,phone,website
17.028,51.105,50-040,Wrocław,,Podwale ,31-33,kontaktkwp@wr.policja.gov.pl ,+48 71  34 04 77,Komenda Wojewódzka Policji we Wrocławiu,Komenda Wojewódzka Policji we Wrocławiu,+48 47 871 34 00,http://www.dolnoslaska.policja.gov.pl/
15.7542,50.8962,58-500 ,Jelenia Góra,,Nowowiejska ,43,komendant@jelenia-gora.wr.policja.gov.pl,+48 47 873 11 08,Komenda Miejska Policji,Komenda Miejska Policji w Jeleniej Górze,+48 47 873 12 40,http://www.jelenia-gora.policja.gov.pl/
16.1447,51.2004,59-220 ,Legnica,,Asnyka,III-V,komendant@legnica.wr.policja.pl,+48 47 844 15 25,Komenda Miejska Policji,Komenda Miejska Policji w Legnicy,+48 47 874 15 20,http://www.legnica.policja.gov.pl/
16.2736,50.7753,58-300 ,Wałbrzych,,Mazowiecka,2,komendant@walbrzych.wr.policja.gov.pl,+48 47 875 14 38,Komenda Miejska Policji,Komenda Miejska Policji w Wałbrzychu,+48 47 875 12 34,http://www.walbrzych.policja.gov.pl
17.0711,51.1408,51-168,Wrocław,,Sołtysowicka,21,komendant@wroclaw.wr.policja.gov.pl ,+48 47 871 43 65,Komenda Miejska Policji we Wrocławiu,Komenda Miejska Policji we Wrocławiu,+48 47 871 44 90,https://wroclaw.policja.gov.pl/
15.5735,51.2568,59-700 ,Bolesławiec,,Zygmunta Augusta,20,komendant@boleslawiec.wr.policja.gov.pl,+48 47 873 32 21,Komenda Powiatowa Policji,Komenda Powiatowa Policji w Bolesławcu,+48 47 873 32 00,http://www.boleslawiec.policja.gov.pl/
16.6585,50.727,58-200 ,Dzierżoniów,,Ząbkowicka,57,komendant@dzierzoniow.wr.policja.gov.pl ,+48 47 875 42 10,Komenda Powiatowa Policji,Komenda Powiatowa Policji w Dzierżoniowie,+48 47 875 42 00,http://www.dzierzoniow.policja.gov.pl/
16.0832,51.6535,67-200 ,Głogów,,Obrońców Pokoju,17,komendant@glogow.wr.policja.pl,+48 47 874 22 35,Komenda Powiatowa Policji,Komenda Powiatowa Policji w Głogowie,+48 47 874 22 00,http://www.glogow.policja.gov.pl/
16.5406,51.6695,56-200 ,Góra,,Podwale ,26,komendant@gora.wr.policja.pl,+48 47 872 24 2,Komenda Powiatowa Policji,Komenda Powiatowa Policji w Górze,+48 47 872 82 00,http://www.gora.policja.gov.pl/
16.1991,51.0491,59-400 ,Jawor,,Armii Krajowej ,2,kpp@jawor.wr.policja.gov.pl ,+48 87 452 35 ,Komenda Powiatowa Policji,Komenda Powiatowa Policji w Jaworze,+48 47 874 52 00,http://www.jawor.policja.gov.pl/
16.028,50.7792,58-400 ,Kamienna Góra,,Lubawska ,6,komendant@kamienna-gora.wr.policja.gov.pl,+48 47 873 62 50,Komenda Powiatowa Policji,Komenda Powiatowa Policji w Kamiennej Górze,+48 47 873 62 00,http://www.kamienna-gora.policja.gov.pl/
16.6509,50.4317,57-300 ,Kłodzko,,ul. Chopina ,2,komendant@klodzko.wr.policja.pll,+48 47 875 22 30,Komenda Powiatowa Policji,Komenda Powiatowa Policji w Kłodzku,+48 47 875 22 00,http://www.klodzko.policja.gov.pl/
15.2857,51.117,59-800 ,Lubań,,Gen.W.Sikorskiego ,4,kpp@luban.wr.policja.gov.pl,+48 47 873 42 42,Komenda Powiatowa Policji,Komenda Powiatowa Policji w Lubaniu,+48 47 873 42 00,http://www.luban.policja.gov.pl/
16.1998,51.3973,59-300 ,Lubin,,Traugutta ,3,komendant@lubin.wr.policja.gov.pl ,+48 47 874 32 35,Komenda Powiatowa Policji,Komenda Powiatowa Policji w Lubinie,+48 47 874 32 00,http://www.lubin.policja.gov.pl/
15.5785,51.1129,59-600 ,Lwówek Śląski,,Przyjaciół Żołnierza,22,komendant@lwowek-slaski.wr.policja.gov.pl ,+48 47 873 52 40,Komenda Powiatowa Policji,Komenda Powiatowa Policji w Lwówku Śląskim,+48 47 873 52 00,http://www.lwowek-slaski.policja.gov.pl/
17.2776,51.5272,56-300 ,Milicz,, T. Kościuszki ,4,komendant@milicz.wr.policja.gov.pl ,+48 47 872 12 42,Komenda Powiatowa Policji,Komenda Powiatowa Policji w Miliczu,+48 47 872 12 00,http://www.milicz.policja.gov.pl/
17.3837,51.2071,56-400 ,Oleśnica,,Gen. Hallera ,3,komendant@olesnica.wr.policja.gov.pl ,+48 47 872 62 42,Komenda Powiatowa Policji,Komenda Powiatowa Policji w Oleśnicy,+48 47 872 62 00,http://bip.olesnica.policja.gov.pl/
17.2976,50.9429,55-200 ,Oława,,Kopernika,1,komendant@olawa.wr.policja.pl,+48 47 872 72 42,Komenda Powiatowa Policji,Komenda Powiatowa Policji w Oławie,+48 47 872 72 00,https://olawa.policja.gov.pl/
16.0702,51.4983,59-100 ,Polkowice,,Legnicka ,15,kpp@polkowice.wr.policja.gov.pl ,+48 47 877 42 05,Komenda Powiatowa Policji,Komenda Powiatowa Policji w Polkowicach,+48 47 874 72 00,http://www.polkowice.policja.gov.pl/
17.0663,50.7839,57-100 ,Strzelin,,Wolności ,15,komendant@strzelin.wr.policja.gov.pl,+48 47 872 32 42,Komenda Powiatowa Policji,Komenda Powiatowa Policji w Strzelinie,+48 47 872 32 00,http://www.strzelin.policja.gov.pl/
16.5917,51.165,55-300 ,Środa Śląska,,Św. Andrzeja ,2,kpp@sroda-slaska.wr.policja.gov.pl,+48 47 872 22 42,Komenda Powiatowa Policji,Komenda Powiatowa Policji w Środzie Śląskiej,+48 47 878 88 00,http://www.sroda-slaska.policja.gov.pl/
16.4837,50.8473,58-100 ,Świdnica,,Jagiellońska ,23,oficer.prasowy@swidnica.wr.policja.gov.pl,+48 47 875 52 30,Komenda Powiatowa Policji,Komenda Powiatowa Policji w Świdnicy,+48 47 875 52 00,http://www.swidnica.policja.gov.pl/
17.067,51.3066,55-100 ,Trzebnica,,ul. Ks. Bochenka,8,komendant@trzebnica.wr.policja.gov.pl,+48 47 872 42 42,Komenda Powiatowa Policji,Komenda Powiatowa Policji w Trzebnicy,+48 47 872 42 00,http://www.trzebnica.policja.gov.pl/
16.6428,51.3375,56-100 ,Wołów,,Piłsudskiego ,23,kpp@wolow.wr.policja.gov.pl,+48 47 872 52 42,Komenda Powiatowa Policji,Komenda Powiatowa Policji w Wołowie,+48 47 872 52 00,http://www.wolow.policja.gov.pl/
16.8126,50.5958,57-200 ,Ząbkowice Śląskie,,Aleja Niepodległości ,10,komendant@zabkowice-slaskie.wr.pl,+48 87 562 30 ,Komenda Powiatowa Policji,Komenda Powiatowa Policji w Ząbkowicach Śląskich,+48 47 875 62 00,http://www.zabkowice-slaskie.policja.gov.pl/
15.0135,51.1472,59-900 ,Zgorzelec,,ul. Boh. II Armii Woj. Polskiego,12 G,kpp@zgorzelec.wr.policja.gov.pl ,+48 47 873 22 21,Komenda Powiatowa Policji,Komenda Powiatowa Policji w Zgorzelcu,+48 47 873 22 00,http://www.zgorzelec.policja.gov.pl/
15.9112,51.123,59-500 ,Złotoryja,,Kościuszki,5,oficer.prasowy@zlotoryja.wr.policja.gov.pl,+48 47 874 42 35,Komenda Powiatowa Policji,Komenda Powiatowa Policji w Złotoryi,+48 47 874 42 00,http://www.zlotoryja.policja.gov.pl/
18.02406624,53.12952596,85-090,Bydgoszcz,,Powstańców Wielkopolskich,7,sekretariat-komendanta@bg.policja.gov.pl,+48 52 525 50 17,Komenda Wojewódzka Policji,Komenda Wojewódzka Policji w Bydgoszczy,+48 52 525 50 10,http://www.kujawsko-pomorska.policja.gov.pl/
18.0147,53.1139,85-667,Bydgoszcz,,Jana Karola Chodkiewicza,32,komendant-bydgoszcz@bg.policja.gov.pl,+48 47 751 12 77,Komenda Powiatowa/Miejska Policji,Komenda Powiatowa/Miejska Policji w Bydgoszczy,+48 47 751 12 49,http://www.bydgoszcz.kujawsko-pomorska.policja.gov.pl/
22.5526,51.2410,20-019,Lublin,,Narutowicza,73,kancelaria.kwplublin@lu.policja.gov.pl,+48 47 811 59 00,Komenda Wojewódzka Policji,Komenda Wojewódzka Policji w Lublinie,+48 47 811 42 24,www.lubelska.policja.gov.pl
23.1253,52.0371,21-500 ,Biała Podlaska,,Plac Wojska Polskiego ,23,kmpbialapodlaska@lu.policja.gov.pl,+48 47 814 12 71,Komenda Miejska Policji,Komenda Miejska Policji w Białej Podlaskiej,+48 47 814 11 12,biala-podlaska.lubelska.policja.gov.pl
23.4852,51.1305,22-100,Chełm,,Żwirki i Wigury,20,komendant.kmpchelm@lu.policja.gov.pl,+48 47 811 15 77,Komenda Miejska Policji,Komenda Miejska Policji w Chełmie,+48 47 813 14 02,www.chelm.policja.gov.pl
22.5608,51.2560,20-064 ,Lublin,,Północna ,3,komendant.kmplublin@lu.policja.gov.pl,+48 47 811 16 22,Komenda Miejska Policji,Komenda Miejska Policji w Lublinie,+48 47 811 43 05,www.lublin.policja.gov.pl
23.2652,50.7175,22-400,Zamość,,Prymasa Stefana Wyszyńskiego,2,kmp.zamosc@lu.policja.gov.pl,+48 47 811 16 49,Komenda Miejska Policji,Komenda Miejska Policji w Zamościu,+48 47 815 13 56,www.zamosc.policja.gov.pl
22.7038,50.5323,23 - 400,Biłgoraj,,Polna,1,komendant.kppbilgoraj@lu.policja.gov.pl ,+48 47 811 16 68,Komenda Powiatowa Policji,Komenda Powiatowa Policji w Biłgoraju,+48 47 815 22 16,www.bilgoraj.policja.gov.pl
23.8855,50.8065,22- 500 ,Hrubieszów,,Narutowicza ,20,policja.kpphrubieszow@lu.policja.gov.pl,+48 47 811 16 85,Komenda Powiatowa Policji,Komenda Powiatowa Policji w Hrubieszowie,+48 47 815 32 16,www.hrubieszow.policja.gov.pl
22.4242,50.7010,23-300,Janów Lubelski,,Jana Zamoyskiego,92,sekretariat.kppjanowlubelski@lu.policja.gov.pl,+48 47 811 16 91,Komenda Powiatowa Policji,Komenda Powiatowa Policji w Janowie Lubelskim,+48 47 815 52 16,www.janow-lubelski.policja.gov.pl
22.2354,50.9284,23-200,Kraśnik,, Lubelska,83,komendant.kppkrasnik@lu.policja.gov.pl,+48 47 811 17 03,Komenda Powiatowa Policji,Komenda Powiatowa Policji w Kraśniku,+48 47 812 42 15,www.krasnik.policja.gov.pl
23.1662,50.9832,22-300,Krasnystaw,,Okrzei,11,komendant.kppkrasnystaw@lu.policja.gov.pl,+48 47 811 16 98,Komenda Powiatowa Policji,Komenda Powiatowa Policji w Krasnymstawie,+48 47 813 32 10,www.krasnystaw.policja.gov.pl
22.6104,51.4565,21-100,Lubartów,,Lubelska,57 a ,komendant.kpplubartow@lu.policja.gov.pl,+48 47 811 17 09,Komenda Powiatowa Policji,Komenda Powiatowa Policji w Lubartowie,+48 47 812 52 16,www.lubartow.policja.gov.pl
22.8824,51.2985,21-010,Łęczna,,Księży Wrześniewskich,10,komendant.kppleczna@lu.policja.gov.pl,+48 47  81 11 71,Komenda Powiatowa Policji,Komenda Powiatowa Policji w Łęcznej,+48 47 812 72 16,www.leczna.policja.gov.pl
22.3833,51.9301,21-400,Łuków,,Międzyrzecka,9,kpp.lukow@lu.policja.gov.pl,+48 47 811 17 20,Komenda Powiatowa Policji,Komenda Powiatowa Policji w Łukowie,+48 47 814 72 16,www.lukow.policja.gov.pl
21.9691,51.1497,24-300,Opole Lubelskie,,Morwowa,4,komendant.kppopolelubelskie@lu.policja.gov.pl,+48 47 811 17 31,Komenda Powiatowa Policji,Komenda Powiatowa Policji w Opolu Lubelskim,+48 47 812 22 16,www.opole-lubelskie.policja.gov.pl
22.8970,51.6387,21-200,Parczew,,Wojska Polskiego,4,kpp.parczew@lu.policja.gov.pl,+48 47 811 17 43,Komenda Powiatowa Policji,Komenda Powiatowa Policji w Parczewie,+48 47 814 32 16,www.parczew.policja.gov.pl
21.9744,51.4175,24-100,Puławy,,Wojska Polskiego,6,komendanci.kpppulawy@lu.policja.gov.pl,+48 47 811 17 39,Komenda Powiatowa Policji,Komenda Powiatowa Policji w Puławach,+48 47 812 33 12,www.pulawy.policja.gov.pl
22.6027,51.7830,21-300,Radzyń Podlaski,,Warszawska,100 a,komendant.kppradzynpodlaski@lu.policja.gov.pl,+48 47 811 17 45,Komenda Powiatowa Policji,Komenda Powiatowa Policji w Radzyniu Podlaskim,+48 47 814 22 16,www.radzyn-podlaski.policja.gov.pl
21.9308,51.6290,08-500,Ryki,,Dolna,2,komendant.kppryki@lu.policja.gov.pl,+48 47 811 17 52,Komenda Powiatowa Policji,Komenda Powiatowa Policji w Rykach,+48 47 812 82 16,www.ryki.policja.gov.pl
22.6997,51.2272,21-045,Świdnik,,Al. Lotników Polskich,1,sekretariat.kppswidnik@lu.policja.gov.pl,+48 47 811 17 57,Komenda Powiatowa Policji,Komenda Powiatowa Policji w Świdniku,+48 47 812 12 16,www.swidnik.policja.gov.pl
23.4213,50.4458,22-600,Tomaszów Lubelski,,Stefana Żeromskiego,4,komendant.kpptomaszowlubelski@lu.policja.gov.pl,+48 47 811 17 66,Komenda Powiatowa Policji,Komenda Powiatowa Policji w Tomaszowie Lubelskim,+48 47 815 42 16,www.tomaszow-lubelski.policja.gov.pl
23.5546,51.5491,22-200,Włodawa,,Al.. Pilsudskiego,51,kppwlodawa@lu.policja.gov.pl,+48 47 811 17 83,Komenda Powiatowa Policji we Włodawie,Komenda Powiatowa Policji we Włodawie,+48 47 813 22 16,www.wlodawa.policja.gov.pl
15.2312,52.7208,66-400,Gorzów Wlkp.,,Kwiatowa,10,kwpgorzow@go.policja.gov.pl,+48 47 791 12 05,Komenda Wojewódzka Policji,Komenda Wojewódzka Policji w Gorzowie Wlkp.,+48 47 791 19 00,www.lubuska.policja.gov.pl
15.2372,52.7481,66-400,Gorzów Wlkp.,,Kard. Stefana Wyszyńskiego ,122,komendant.kmp_gorzow@go.policja.gov.pl,+48 47 791 20 15,Komenda Miejska Policji,Komenda Miejska Policji w Gorzowie Wlkp.,+48 47 791 20 01,www.gorzow-lubuska.policja.gov.pl
15.5203,51.9318,65-332,Zielona Góra,,Partyzantów ,40,sekretariat.kmp_zgora@go.policja.gov.pl,+48 47 795 24 15,Komenda Miejska Policji,Komenda Miejska Policji w Zielonej Górze,+48 47 795 24 11,https://zielona-gora.policja.gov.pl/
15.0916,52.0612,66-600,Krosno Odrz.,,Sienkiewicza ,22,sekretariat.kpp_krosno@go.policja.gov.pl,+48 47 794 52 05,Komenda Powiatowa Policji,Komenda Powiatowa Policji w Krośnie Odrzańskim,+48 47 794 52 00,www.krosno-odrzanskie.policja.gov.pl
15.5634,52.4429,66-300,Międzyrzecz,,Pięciu Świętych Braci Międzyrzeckich ,1,dyzurny.kpp_miedzyrzecz@go.policja.gov.pl,+48 47 792 12 05,Komenda Powiatowa Policji,Komenda Powiatowa Policji w Międzyrzeczu,+48 47 792 12 11,https://miedzyrzecz.policja.gov.pl/
15.6859,51.8017,67-100,Nowa Sól,,Północna ,2,komendant.kpp_nowasol@go.policja.gov.pl,+48 47 793 32 15,Komenda Powiatowa Policji,Komenda Powiatowa Policji w Nowej Soli,+48 47 793 32 11,https://nowa-sol.policja.gov.pl/
14.5688,52.3557,69-100,Słubice,,Kazimierza Wielkiego ,1,kpp_slubice@go.policja.gov.pl,+48 47 792 32 15,Komenda Powiatowa Policji,Komenda Powiatowa Policji w Słubicach,+48 47 792 32 11,www.slubice.policja.gov.pl
15.5355,52.8744,66-500,Strzelce Kraj.,,Brzozowa ,1,komendant.kpp_strzelce@go.policja.gov.pl,+48 47 792 52 05,Komenda Powiatowa Policji,Komenda Powiatowa Policji w Strzelcach Kraj.,+48 47 792 52 00,https://strzelce-krajenskie.policja.gov.pl/
15.1141,52.4368,69-200,Sulęcin,,Szpitalna ,4,sekretariat.kpp_sulecin@go.policja.gov.pl,+48 47 793 12 05,Komenda Powiatowa Policji,Komenda Powiatowa Policji w Sulęcinie,+48 47 793 12 00,https://sulecin.policja.gov.pl/
15.5298,52.2453,66-200,Świebodzin,,Zielona ,2,komendant.kpp_swiebodzin@go.policja.gov.pl,+48 47 793 52 05,Komenda Powiatowa Policji,Komenda Powiatowa Policji w Świebodzinie,+48 47 793 52 00,https://swiebodzin.policja.gov.pl/
16.3151,51.7978,67-400,Wschowa,,Kazimierza Wielkiego ,12,komendant.kpp_wschowa@go.policja.gov.pl ,+48 47 794 32 15,Komenda Powiatowa Policji we Wschowie,Komenda Powiatowa Policji we Wschowie,+48 47 794 32 00,https://wschowa.policja.gov.pl/
15.3269,51.6203,68-100,Żagań,,Nowogródzka ,1,rzecznik.kpp_zagan@go.policja.gov.pl ,+48 47 793 72 05,Komenda Powiatowa Policji,Komenda Powiatowa Policji w Żaganiu,+48 47 793 72 00,www.zagan.policja.gov.pl
15.1356,51.6378,68-200,Żary,,Legionistów ,3,sekretariat.kpp_zary@go.policja.gov.pl,+48 47 794 12 05,Komenda Powiatowa Policji,Komenda Powiatowa Policji w Żarach,+48 47 794 12 00,www.zary.lubuska.policja.gov.pl
19.4395,51.7843,91-048,Łódź,,Lutomierska,108/112,dyzurny@ld.policja.gov.pl,+48 47 841 17 33,Komenda Wojewódzka Policji,Komenda Wojewódzka Policji w Łodzi,+48 47 841 22 56,"www.lodzka.policja.gov.pl,"
19.4622,51.7676,90-114,Łódź,,Sienkiewicza,28/30,dyzurny@lodz.ld.policja.gov.pl,+48 47 841 17 55,Komenda Miejska Policji,Komenda Miejska Policji w Łodzi,+48 47 841 22 50,www.lodz.policja.gov.pl
20.1612,51.9666,96-100,Skierniewice,,Jana III Sobieskiego,69,dyzurny@skierniewice.ld.policja.gov.pl,+48 47 843 11 60,Komenda Miejska Policji,Komenda Miejska Policji w Skierniewicach,+48 47 843 11 88,www.skierniewice.policja.gov.pl
19.6778,51.4113,97-300,Piotrków Trybunalski,,Szkolna,30/38,"dyzurny@piotrkow-trybunalski.ld.policja.gov.pl ,",+48 47 846 12 09,Komenda Miejska Policji,Komenda Miejska Policji w Piotrkowie Trybunalskim,+48 47 846 14 62,www.piotrkow-trybunalski.policja.gov.pl
19.9802,50.0680,31-571,Kraków,,ul. Mogilska,109,poczta@malopolska.policja.gov.pl,+48 47 835 40 12,Komenda Wojewódzka Policji,Komenda Wojewódzka Policji w Krakowie,+48 47 835 44 44,http://malopolska.policja.gov.pl
19.929,50.0691,31-137,Kraków,,ul. H.Siemiradzkiego,24,sekretariatkmp@krakow.policja.gov.pl ,+48 47 835 26 07,Komenda Miejska Policji,Komenda Miejska Policji w Krakowie,+48 47 835 12 54,krakow.policja.gov.pl
20.6983,49.5961,33-300,Nowy Sącz,,ul. Grottgera,50,komendant@nowy-sacz.policja.gov.pl,+48 47 833 41 40,Komenda Miejska Policji,Komenda Miejska Policji w Nowym Sączu,+48 47 833 46 30,nowy-sacz.policja.gov.pl
20.9257,50.0103,33-101,Tarnów,,ul. Traugutta,4,kmp@tarnow.policja.gov.pl,+48  4 783 11 24,Komenda Miejska Policji,Komenda Miejska Policji w Tarnowie,+48 47 831 29 00,tarnow.policja.gov.pl
20.4204,49.9656,32-700,Bochnia,,ul. Krakowska,39,komendant@bochnia.policja.gov.pl,+48 47 832 32 44,Komenda Powiatowa Policji,Komenda Powiatowa Policji w Bochni,+48 47 832 32 22,bochnia.policja.gov.pl
20.6231,49.982,32-800,Brzesko,,ul. Szczepanowska ,53,sekretariat@brzesko.policja.gov.pl ,+48 47 832 12 44,Komenda Powiatowa Policji,Komenda Powiatowa Policji w Brzesko,+48 47 832 12 22,brzesko.policja.gov.pl
19.3963,50.1438,32-500,Chrzanów,,ul.Jordana ,7,prezydialny@chrzanow.policja.gov.pl,+48 47 832 42 44,Komenda Powiatowa Policji,Komenda Powiatowa Policji w Chrzanowie,+48 47 832 42 66,chrzanow.policja.gov.pl
20.9871,50.1755,33-200,Dąbrowa Tarnowska,,ul. Berka Joselewicza,4,komendant@dabrowa-tarnowska.policja.gov.pl,+48 47 832 22 42,Komenda Powiatowa Policji,Komenda Powiatowa Policji w Dąbrowie Tarnowskiej,+48 47 832 23 33,www.dabrowa-tarnowska.policja.gov.pl
21.165,49.6705,38-300,Gorlice,,ul. 11 Listopada ,56,komendant@gorlice.policja.gov.pl,+48 47 834 43 35,Komenda Powiatowa Policji,Komenda Powiatowa Policji w Gorlicach,+48 47 834 42 01,www.gorlice.policja.gov.pl
19.9076,50.1045,31-263,Kraków,,ul. Władysława Łokietka,205,kpp@kpp-krakow.policja.gov.pl ,+48 47 835 76 02,Komenda Powiatowa Policji,Komenda Powiatowa Policji w Krakowie,+48 47 835 76 00,www.kpp-krakow.policja.gov.pl
20.4171,49.6988,34-600,Limanowa,,ul. Żwirki i Wigury,7,kpp@limanowa.policja.gov.pl,+48 47 834 54 25,Komenda Powiatowa Policji,Komenda Powiatowa Policji w Limanowej,+48 47 834 54 00,limanowa.policja.gov.pl
20.0459,50.3617,32-200,Miechów,,ul. B.Prusa,3,kpp@miechow.policja.gov.pl,+48 47 834 62 03,Komenda Powiatowa Policji,Komenda Powiatowa Policji w Miechowie,+48 47 834 62 00,www.miechow.policja.gov.pl
19.9414,49.8304,32-400,Myślenice,,ul. Jagiellońska,1,komendant@myslenice.policja.gov.pl,+48 47 832 92 51,Komenda Powiatowa Policji,Komenda Powiatowa Policji w Myślenicach,+48 47 832 92 00,www.myslenice.policja.gov.pl
20.0435,49.482,34-400,Nowy Targ,,ul. Konfederacji Tatrzańskiej,1A,sekretariat@nowy-targ.policja.gov.pl ,+48 47 834 64 25,Komenda Powiatowa Policji,Komenda Powiatowa Policji w Nowym Targu,+48 47 834 64 01, www.nowy-targ.policja.gov.pl
19.5677,50.2677,32-300,Olkusz,,ul. Jana Pawła II,32,sekretariat.komendanta@olkusz.policja.gov.pl,+48 47 832 52 41,Komenda Powiatowa Policji,Komenda Powiatowa Policji w Olkuszu,+48 47 832 52 00,www.olkusz.policja.gov.pl
19.9249,50.0723,32-600,Oświęcim,,ul. Wyspiańskiego,2,komendant@oswiecim.policja.gov.pl,+48 47 832 62 08,Komenda Powiatowa Policji,Komenda Powiatowa Policji w Oświęcimiu,+48 47 832 62 80,oswiecim.policja.gov.pl
20.293,50.1904,32-100,Proszowice,,ul. Wolności ,2,kpp@proszowice.policja.gov.pl,+48 47 834 23 41,Komenda Powiatowa Policji,Komenda Powiatowa Policji w Proszowicach,+48 47 834 22 00,proszowice.policja.gov.pl/
19.5888,49.7418,34-200,Sucha Beskidzka,,ul. Mickiewicza,42,sekretariat@sucha-beskidzka.policja.gov.pl,+48 47 832 82 39,Komenda Powiatowa Policji,Komenda Powiatowa Policji w Suchej Beskidzkiej,+48 47 832 82 11,sucha-beskidzka.policja.gov.pl
19.4985,49.8856,34-100,Wadowice,,ul. Piłsudskiego,37,komendant@wadowice.policja.gov.pl,+48 47 832 72 50,Komenda Powiatowa Policji,Komenda Powiatowa Policji w Wadowicach,+48 47 832 72 00,www.wadowice.policja.gov.pl
20.0368,49.9831,32-020,Wieliczka,,ul. Jedynaka,30a,sekretariat@wieliczka.policja.gov.pl ,+48 47 834 11 82,Komenda Powiatowa Policji,Komenda Powiatowa Policji w Wieliczce,+48 47 834 12 11,wieliczka.policja.gov.pl
19.9642,49.2947,34-500,Zakopane,,ul. Jagiellońska,32,kpp@zakopane.policja.gov.pl,+48 47 834 74 25,Komenda Powiatowa Policji,Komenda Powiatowa Policji w Zakopanem,+48 47 834 74 00,www.zakopane.policja.gov.pl
21.1624,51.4137,26-600,Radom,,11 Listopada ,37/59,dyzurny.kwp@ra.policja.gov.pl,+48 47 701 22 45,Komenda Wojewódzka Policji zs.,Komenda Wojewódzka Policji zs. w Radomiu,+48 47 701 46 44,www.mazowiecka.policja.gov.pl
20.9989,52.2458,00-150,Warszawa,,Nowolipie,2,kancelaria@ksp.policja.gov.pl,+48 47 723 85 16,Komenda Stołeczna Policji,Komenda Stołeczna Policji,+48 47 723 66 26,www.policja.waw.pl
21.01786,52.22525,00-544,Warszawa,,Wilcza,21,dyzurny.krp1@ksp.policja.gov.pl,+48 47 723 63 03,Komenda Rejonowa Policji Warszawa I,Komenda Rejonowa Policji Warszawa I,+48 47 723 91 50,http://srodmiescie.policja.waw.pl/
21.0229,52.1942,02-617,Warszawa,,Malczewskiego,03.05.2007,dyzurny.krp2@ksp.policja.gov.pl,+48 22 844 99 96,Komenda Rejonowa Policji Warszawa II,Komenda Rejonowa Policji Warszawa II,+48 47 723 11 50,http://mokotow.policja.waw.pl/
20.9738,52.2108,02-368,Warszawa,,Opaczewska,8,dyzurny.krp3@ksp.policja.gov.pl,+48 47 723 62 54,Komenda Rejonowa Policji Warszawa III,Komenda Rejonowa Policji Warszawa III,+48 47 723 93 50,http://ochota.policja.waw.pl/
20.9745,52.2394,01-198,Warszawa,,Żytnia,36,oficer.prasowy.krp4@ksp.policja.gov.pl,+48 47 723 64 14,Komenda Rejonowa Policji Warszawa IV,Komenda Rejonowa Policji Warszawa IV,+48 47 723 94 50,http://wola.policja.waw.pl/
20.9594,52.2753,01-887,Warszawa,,Stefana Żeromskiego,7,oficer.prasowy.krp5@ksp.policja.gov.pl,+48 47 723 63 60,Komenda Rejonowa Policji Warszawa V,Komenda Rejonowa Policji Warszawa V,+48 47 723 71 55,http://zoliborz.policja.waw.pl/
21.0181,52.2682,03-301,Warszawa,,Jagiellońska,51,oficer.prasowy.krp6@ksp.policja.gov.pl,+48 47 723 72 37,Komenda Rejonowa Policji Warszawa VI,Komenda Rejonowa Policji Warszawa VI,+48 47 723 75 55,http://pragapn.policja.waw.pl/
21.0760,52.2443,04-007,Warszawa,,Grenadierów,73/75,KSP Komendant KRP VII/KSP/Policja@Policja,+48 47 723 75 44,Komenda Rejonowa Policji Warszawa VII,Komenda Rejonowa Policji Warszawa VII,+48 47 723 76 55,http://pragapd.policja.waw.pl/
20.6284,52.1070,05-825,Grodzisk Mazowiecki,,Władysława Bartniaka,19,komendant.grodzisk-maz@ksp.policja.gov.pl,+48 22 755 60 14,Komenda Powiatowa Policji,Komenda Powiatowa Policji w Grodzisku Mazowieckim,+48 47 744 22 00,http://kppgrodzisk.policja.waw.pl/
20.9257,52.4027,05-120,Legionowo,,Jagiellońska ,26B,kpp.legionowo@ksp.policja.gov.pl,+48 47 724 82 07,Komenda Powiatowa Policji,Komenda Powiatowa Policji w Legionowie,+48 22 774 27 77,http://kpplegionowo.policja.waw.pl/
21.5577,52.1786,05-300,Mińsk Mazowiecki,,ks. kard. Stefana Wyszyńskiego,15/17,oficer.prasowy.minsk-maz@ksp.policja.gov.pl,+48 25 759 72 01,Komenda Powiatowa Policji,Komenda Powiatowa Policji w Mińsku Mazowieckim,+48 25 759 72 00,http://kppminsk.policja.waw.pl/
20.7210,52.4264,05-100,Nowy Dwór Mazowiecki,,Ignacego Paderewskiego,3,dyzurny.nowy-dwor-maz@ksp.policja.gov.pl,+48 47 724 42 07,Komenda Powiatowa Policji,Komenda Powiatowa Policji w Nowym Dworze Mazowieckim,+48 22 775 22 01,http://kppnowydwor.policja.waw.pl/
21.2724,52.0974,05-400,Otwock,,Kazimierza Pułaskiego,7A,oficer.prasowy.otwock@ksp.policja.gov.pl,+48 47 724 12 07,Komenda Powiatowa Policji,Komenda Powiatowa Policji w Otwocku,+48 47 724 19 00,http://kppotwock.policja.waw.pl/
21.0265,52.0743,05-500,Piaseczno,,Kościelna,3,dyzurny.piaseczno@ksp.policja.gov.pl,+48 47 724 52 07,Komenda Powiatowa Policji,Komenda Powiatowa Policji w Piasecznie,+48 47 724 52 13,http://kpppiaseczno.policja.waw.pl/
20.8140,52.1620,05-800,Pruszków,,Kraszewskiego,8,kpppruszkow@policja.waw.pl,+48 22 604 62 16,Komenda Powiatowa Policji,Komenda Powiatowa Policji w Pruszkowie,+48 22 604 62 13,http://kpppruszkow.policja.waw.pl/
20.8413,52.2485,05-082,Stare Babice,,Warszawska,276,oficer.prasowy.warszawa-zach@ksp.policja.gov.pl,+48 47 724 32 07,Komenda Powiatowa Policji dla Powiatu Warszawskiego Zachodniego z siedzibą,Komenda Powiatowa Policji dla Powiatu Warszawskiego Zachodniego z siedzibą w Starych Babicach,+48 22 752 80 00,http://kppbabice.policja.waw.pl/
21.2431,52.3467,05-200,Wołomin,,Wileńska,43A,komendant.wolomin@ksp.policja.gov.pl,+48 47 724 72 07,Komenda Powiatowa Policji,Komenda Powiatowa Policji w Wołominie,+48 22 776 20 21,http://kppwolomin.policja.waw.pl/
21.5744,53.0744,07-409,Ostrołęka,,Janusza Korczaka ,16,dyzurny.kmpostroleka@ra.policja.gov.pl,+48 47 704 14 29,Komenda Miejska Policji,Komenda Miejska Policji w Ostrołęce,+48 47 704 14 24,www.mazowiecka.policja.gov.pl/wos/
19.7064,52.5415,09-400 ,Płock,,Al. Kilińskiego ,8,dyzurny.kmpplock@ra.policja.gov.pl,+48 47 705 12 60,Komenda Miejska Policji,Komenda Miejska Policji w Płocku,+48 47 705 16 00,www.mazowiecka.policja.gov.pl/wpl/
21.1623,51.4137,26-600 ,Radom,,11 Listopada ,37/59,dyzurny.kmpradom@ra.policja.gov.pl,+48 47 701 35 45,Komenda Miejska Policji,Komenda Miejska Policji w Radomiu,+48 47 701 50 10,www.mazowiecka.policja.gov.pl/wra/
22.2931,52.1664,08-110,Siedlce,,Starowiejska ,66,dyzurny.kmpsiedlce@ra.policja.gov.pl,+48 47 707 22 01,Komenda Miejska Policji,Komenda Miejska Policji w Siedlcach,+48 47 707 23 60,www.mazowiecka.policja.gov.pl/wsi/
20.9530,51.6478,26-800,Białobrzegi,,Stefana Żeromskiego ,23,dyzurny.kppbialobrzegi@ra.policja.gov.pl,+48 47 702 22 45,Komenda Powiatowa Policji,Komenda Powiatowa Policji w Białobrzegach,+48 47 702 22 00,www.mazowiecka.policja.gov.pl/wbr/
20.6197,52.8764,06-400,Ciechanów,,11 Pułku Ułanów Legionowych ,25,dyzurny.kppciechanow@ra.policja.gov.pl,+48 47 703 12 48,Komenda Powiatowa Policji,Komenda Powiatowa Policji w Ciechanowie,+48 47 703 12 00,www.mazowiecka.policja.gov.pl/wci/
21.6014,51.8974,08-400,Garwolin,,Stacyjna ,23,dyzurny.kppgarwolin@ra.policja.gov.pl,+48 47 707 52 01,Komenda Powiatowa Policji,Komenda Powiatowa Policji w Garwolinie,+48 47 707 52 00,www.mazowiecka.policja.gov.pl/wg/
19.4603,52.4256,09-500 ,Gostynin,,3 Maja ,17,dyzurny.kppgostynin@ra.policja.gov.pl,+48 47 705 32 13,Komenda Powiatowa Policji,Komenda Powiatowa Policji w Gostyninie,+48 47 705 32 22,www.mazowiecka.policja.gov.pl/wgs/
20.8601,51.8592,05-600,Grójec,,Brzozowa ,108,dyzurny.kppgrojec@ra.policja.gov.pl,+48 47 702 62 45,Komenda Powiatowa Policji,Komenda Powiatowa Policji w Grójcu,+48 47 702 62 00,www.mazowiecka.policja.gov.pl/wgr/
21.5532,51.5866,26-900,Kozienice,,Radomska ,1,dyzurny.kppkozienice@ra.policja.gov.pl,+48 47 702 42 46,Komenda Powiatowa Policji,Komenda Powiatowa Policji w Kozienicach,+48 47 702 42 00,www.mazowiecka.policja.gov.pl/wkz/
21.6440,51.1538,27-300 ,Lipsko,,Spacerowa ,31A,dyzurny.kpplipsko@ra.policja.gov.pl,+48 47 702 82 45,Komenda Powiatowa Policji,Komenda Powiatowa Policji w Lipsku,+48 47 702 82 00,www.mazowiecka.policja.gov.pl/wli/
22.7108,52.2171,08-200,Łosice,,Kolejowa ,6,dyzurny.kpplosice@ra.policja.gov.pl,+48 47 707 72 01,Komenda Powiatowa Policji,Komenda Powiatowa Policji w Łosicach,+48 47 707 72 00,www.mazowiecka.policja.gov.pl/wls/
21.0992,52.8743,06-200,Maków Mazowiecki,,Łąkowa ,3,dyzurny.kppmakowmaz@ra.policja.gov.pl,+48 47 704 72 49,Komenda Powiatowa Policji,Komenda Powiatowa Policji w Makowie Mazowieckim,+48 47 704 72 00,www.mazowiecka.policja.gov.pl/wma/
20.3745,53.1133,06-500,Mława,,Henryka Sienkiewicza ,2,dyzurny.kppmlawa@ra.policja.gov.pl,+48 47 703 62 48,Komenda Powiatowa Policji,Komenda Powiatowa Policji w Mławie,+48 47 703 62 00,www.mazowiecka.policja.gov.pl/wml/
21.8976,52.8009,07-300,Ostrów Mazowiecka,,Płk. K. Piłata ,12,dyzurny.kppostrowmaz@ra.policja.gov.pl,+48 47 704 42 49,Komenda Powiatowa Policji,Komenda Powiatowa Policji w Ostrowi Mazowieckiej,+48 47 704 42 00,www.mazowiecka.policja.gov.pl/wor/
20.8919,53.0281,06-300,Przasnysz,,Świerkowa ,5,dyzurny.kppprzasnysz@ra.policja.gov.pl,+48 47 704 82 49,Komenda Powiatowa Policji,Komenda Powiatowa Policji w Przasnyszu,+48 47 704 82 00,www.mazowiecka.policja.gov.pl/wpz/
20.6248,51.3589,26-400 ,Przysucha,,plac 3 Maja ,8,dyzurny.kppprzysucha@ra.policja.gov.pl,+48 47 702 52 45,Komenda Powiatowa Policji,Komenda Powiatowa Policji w Przysusze,+48 47 702 52 00,www.mazowiecka.policja.gov.pl/wpy/
21.0924,52.7055,06-100,Pułtusk,,Rynek ,23,dyzurny.kpppultusk@ra.policja.gov.pl,+48 47 703 42 48,Komenda Powiatowa Policji,Komenda Powiatowa Policji w Pułtusku,+48 47 703 42 00,www.mazowiecka.policja.gov.pl/wpu/
20.3701,52.6211,09-100,Płońsk,,1 Maja ,3,dyzurny.kppplonsk@ra.policja.gov.pl,+48 47 703 32 48,Komenda Powiatowa Policji,Komenda Powiatowa Policji w Płońsku,+48 47 703 35 00,www.mazowiecka.policja.gov.pl/wpn/ 
19.6768,52.8592,09-200,Sierpc,,Kilińskiego,24C,dyzurny.kppsierpc@ra.policja.gov.pl,+48 47 705 42 15,Komenda Powiatowa Policji,Komenda Powiatowa Policji w Sierpcu,+48 47 705 42 00,www.mazowiecka.policja.gov.pl/wse/
20.2425,52.2255,96-500,Sochaczew,,1 maja,10,dyzurny.kppsochaczew@ra.policja.gov.pl,+48 47 705 52 71,Komenda Powiatowa Policji,Komenda Powiatowa Policji w Sochaczewie,+48 47 705 52 22,www.mazowiecka.policja.gov.pl/wsc/
22.2382,52.4074,08-300,Sokołów Podlaski,,Wolności ,50,dyzurny.kppsokolowpodl@ra.policja.gov.pl,+48 47 707 42 01,Komenda Powiatowa Policji,Komenda Powiatowa Policji w Sokołowie Podlaskim,+48 47 707 42 00,www.mazowiecka.policja.gov.pl/wsk/
20.8613,51.2257,26-500,Szydłowiec,,Tadeusza Kościuszki ,194,dyzurny.kppszydlowiec@ra.policja.gov.pl,+48 47 702 32 45,Komenda Powiatowa Policji,Komenda Powiatowa Policji w Szydłowcu,+48 47 702 32 00,www.mazowiecka.policja.gov.pl/wsz/ 
22.0156,52.3974,07-100,Węgrów,,Józefa Piłsudskiego ,6,dyzurny.kppwegrow@ra.policja.gov.pl,+48 47 707 32 01,Komenda Powiatowa Policji,Komenda Powiatowa Policji w Węgrowie,+48 47 707 32 00,www.mazowiecka.policja.gov.pl/wwe/
21.4559,52.5923,07-200 ,Wyszków,,Tadeusza Kościuszki ,13,dyzurny.kppwyszkow@ra.policja.gov.pl,+48 47 704 62 49,Komenda Powiatowa Policji,Komenda Powiatowa Policji w Wyszkowie,+48 47 704 62 00,www.mazowiecka.policja.gov.pl/wwy/
19.9110,53.0649,09-300,Żuromin,,Warszawska ,8,dyzurny.kppzuromin@ra.policja.gov.pl,+48 47 703 52 48,Komenda Powiatowa Policji,Komenda Powiatowa Policji w Żurominie,+48 47 703 52 00,www.mazowiecka.policja.gov.pl/wzu/
21.5725,51.3637,26-700 ,Zwoleń,,Batalionów Chłopskich,14,dyzurny.kppzwolen@ra.policja.gov.pl,+48 47 702 72 45,Komenda Powiatowa Policji,Komenda Powiatowa Policji w Zwoleniu,+48 47 702 72 00,www.mazowiecka.policja.gov.pl/wzw/
20.4331,52.0546,96-300,Żyrardów,,Fryderyka Chopina ,04.cze,dyzurny.kppzyrardow@ra.policja.gov.pl,+48 47 705 81 14,Komenda Powiatowa Policji,Komenda Powiatowa Policji w Żyrardowie,+48 47 705 82 00,www.mazowiecka.policja.gov.pl/wzy/
17.9242,50.6629,45-077,Opole,,Korfantego,2,komendant@op.policja.gov.pl,+48 77 861 31 13,Komenda Wojewódzka Policji,Komenda Wojewódzka Policji w Opolu,+48 47 861 21 06,www.opolska.policja.gov.pl
17.9239,50.6634,45-078,Opole,,Powolnego,1,komendant.op@op.policja.gov.pl,+48 47 861 25 44,Komenda Miejska Policji,Komenda Miejska Policji w Opolu,+48 47 861 25 42,www.opole.policja.gov.pl
17.4643,50.8601,49-300,Brzeg,,Robotnicza,10,komendant.br@op.policja.gov.pl ,+48 47 863 32 45,Komenda Powiatowa Policji,Komenda Powiatowa Policji w Brzegu,+48 47 863 32 02,www.brzeg.policja.gov.pl
17.8203,50.2016,48-100,Głubczyce,,Chrobrego,6,komendant.gl@op.policja.gov.pl,+48 47 862 22 40,Komenda Powiatowa Policji,Komenda Powiatowa Policji w Głubczycach,+48 47 862 22 02,www.glubczyce.policja.gov.pl
18.2235,50.3419,47-220,Kędzierzyn- Koźle,,Wojska Polskiego,18, komendant.kk@op.policja.gov.pl,+48 47 863 42 45,Komenda Powiatowa Policji,Komenda Powiatowa Policji w Kędzierzynie- Koźlu,+48 47 863 42 02,www.kedzierzyn-kozle.policja.gov.pl
18.2228,50.9734,46-200,Kluczbork,,Katowicka ,14,komendant.kl@op.policja.gov.pl,+48 47 862 52 42,Komenda Powiatowa Policji,Komenda Powiatowa Policji w Kluczborku,+48 47 862 52 02,www.kluczbork.policja.gov.pl
17.9653,50.4711,47-300,Krapkowice,,Sądowa,25,komendant.kr@op.policja.gov.pl ,+48 47 862 62 30,Komenda Powiatowa Policji,Komenda Powiatowa Policji w Krapkowicach,+48 47 862 62 02,www.krapkowice.policja.gov.pl
17.7237,51.0749,46-100,Namysłów,,Piłsudskiego,4, komendant.na@op.policja.gov.pl,+48 47 862 72 45,Komenda Powiatowa Policji,Komenda Powiatowa Policji w Namysłowie,+48 47 862 72 02,www.namyslow.policja.gov.pl
17.3319,50.4775,48-300,Nysa,,Armii Krajowej,11,komendant.ny@op.policja.gov.pl,+48 47 863 53 14,Komenda Powiatowa Policji,Komenda Powiatowa Policji w Nysie,+48 47 863 52 02,www.nysa.policja.gov.pl
18.2457,50.5252,46-300,Olesno,,Klonowa ,1a,komendant.ol@op.policja.gov.pl,+48 47 863 62 45,Komenda Powiatowa Policji,Komenda Powiatowa Policji w Oleśnie,+48 47 863 62 02,www.olesno.policja.gov.pl
17.6019,50.3211,48-200,Prudnik,,Skowrońskiego,39,komendant.pr@op.policja.gov.pl,+48 47 862 92 05,Komenda Powiatowa Policji,Komenda Powiatowa Policji w Prudniku,+48 47 862 92 02,www.prudnik.policja.gov.pl
18.3039,50.5132,47-100,Strzelce Opolskie,,Piłsudskiego,3,komendant.st@op.policja.gov.pl,+48 47 863 22 46,Komenda Powiatowa Policji,Komenda Powiatowa Policji w Strzelcach Opolskich,+48 47 863 22 02,www.strzelce-opolskie.policja.gov.pl
"21,99","50,0269",35-036,Rzeszów,,Dąbrowskiego ,30,dyzurny.kwp@rz.policja.gov.pl,+48 47 821 23 19,Komenda Wojewódzka Policji,Komenda Wojewódzka Policji                                            w Rzeszowie,+48 47 821 23 10,http://www.podkarpacka.policja.gov.pl/
"21,9984","50,0351",35-959,Rzeszów,,Jagiellońska ,13,kmp.rzeszow@rz.policja.gov.pl,+48 47 821 33 19,Komenda Miejska Policji,Komenda Miejska Policji w Rzeszowie,+48 47 821 33 10,http://bip.rzeszow.kmp.policja.gov.pl/
"22,7799","49,7866",37-700,Przemyśl,,Bohaterów Getta ,1,kmp.przemysl@rz.policja.gov.pl,+48 47 823 33 19,Komenda Miejska Policji,Komenda Miejska Policji w Przemyślu,+48 47 823 33 99,http://bip.przemysl.kmp.policja.gov.pl/
"21,6656","50,5717",39-400,Tarnobrzeg,,1 maja ,2,kmp.tarnobrzeg@rz.policja.gov.pl,+48 47 825 33 19,Komenda Miejska Policji,Komenda Miejska Policji w Tarnobrzegu,+48 47 825 33 99,http://bip.tarnobrzeg.kmp.policja.gov.pl/
"21,7705","49,684",38-400,Krosno,,Lwowska ,28,kmp.krosno@rz.policja.gov.pl,+48 47 828 33 19,Komenda Miejska Policji,Komenda Miejska Policji w Krośnie,+48 47 828 33 13,http://bip.krosno.kmp.policja.gov.pl/
"22,5996","49,4316",38-700,Ustrzyki Dolne,,29 listopada ,33,ustrzyki-dolne@rz.policja.gov.pl,+48 47 829 43 19,Komenda Powiatowa Policji,Komenda Powiatowa Policji w Ustrzykach Dolnych,+48 47 829 43 99,http://bip.ustrzykidolne.kpp.policja.gov.pl/
"22,0257","49,7061",36-200,Brzozów,,Witosa ,9,brzozow@rz.policja.gov.pl,+48 13 430 83 19,Komenda Powiatowa Policji,Komenda Powiatowa Policji w Brzozowie,+48 13 430 83 10,http://bip.brzozow.kpp.policja.gov.pl/
"21,3949","50,0579",39-200,Dębica,,Chłodnicza ,20,debica@rz.policja.gov.pl,+48 14 670 63 19,Komenda Powiatowa Policji,Komenda Powiatowa Policji w Dębicy,+48 14 670 63 10,http://bip.debica.kpp.policja.gov.pl/
"22,6789","50,0121",37-500,Jarosław,,Poniatowskiego ,50,jaroslaw@rz.policja.gov.pl,+48 47 824 13 19,Komenda Powiatowa Policji,Komenda Powiatowa Policji w Jarosławiu,+48 47 824 13 10,http://bip.jaroslaw.kpp.policja.gov.pl/
"21,4885","49,7523",38-200,Jasło,,Tadeusza Sroczyńskiego,7,jaslo@rz.policja.gov.pl,+48 47 829 53 19,Komenda Powiatowa Policji,Komenda Powiatowa Policji w Jaśle,+48 47 829 53 10,http://bip.jaslo.kpp.policja.gov.pl/
"21,7769","50,2438",36-100,Kolbuszowa,,Plac Wolności ,1,kolbuszowa@rz.policja.gov.pl,+48 47 822 13 19,Komenda Powiatowa Policji,Komenda Powiatowa Policji w Kolbuszowej,+48 47 822 13 10,http://bip.kolbuszowa.kpp.policja.gov.pl/
"22,33","49,4834",38-600,Lesko,,Przemysłowa,24,lesko@rz.policja.gov.pl,+48 47 829 23 19,Komenda Powiatowa Policji,Komenda Powiatowa Policji w Lesku,+48 47 829 23 99,http://bip.lesko.kpp.policja.gov.pl/
"22,416","50,2614",37-300,Leżajsk,,Marii Curie-Skłodowskiej ,2,lezajsk@rz.policja.gov.pl,+48 47 822 23 19,Komenda Powiatowa Policji,Komenda Powiatowa Policji w Leżajsku,+48 47 822 23 99,http://bip.lezajsk.kpp.policja.gov.pl/
"23,1266","50,1606",37-600,Lubaczów,,Słowackiego ,14,lubaczow@rz.policja.gov.pl,+48 47 824 23 19,Komenda Powiatowa Policji,Komenda Powiatowa Policji w Lubaczowie,+48 47 824 23 10,http://bip.lubaczow.kpp.policja.gov.pl/
"22,2306","50,0602",37-100,Łańcut,,Traugutta ,13A,lancut@rz.policja.gov.pl,+48 47 822 33 19,Komenda Powiatowa Policji,Komenda Powiatowa Policji w Łańcucie,+48 47 822 33 10,http://bip.lancut.kpp.policja.gov.pl/
"21,4388","50,2907",39-300,Mielec,,Wyspiańskiego ,8,mielec@rz.policja.gov.pl,+48 17 584 53 09,Komenda Powiatowa Policji,Komenda Powiatowa Policji w Mielcu,+48 17 584 53 99,http://bip.mielec.kpp.policja.gov.pl/
"22,1382","50,5206",37-400,Nisko,,Sandomierska ,6,nisko@rz.policja.gov.pl,+48 47 826 33 19,Komenda Powiatowa Policji,Komenda Powiatowa Policji w Nisku,+48 47 826 33 10,http://bip.nisko.kpp.policja.gov.pl/
"22,4965","50,0582",37-200,Przeworsk,,Stepkiewicza ,1,przeworsk@rz.policja.gov.pl,+48 16 641 23 19,Komenda Powiatowa Policji,Komenda Powiatowa Policji w Przeworsku,+48 16 641 23 10,http://bip.przeworsk.kpp.policja.gov.pl/
"21,6025","50,0599",39-100,Ropczyce,,Piłsudskiego ,22,ropczyce@rz.policja.gov.pl,+48 47 822 43 19,Komenda Powiatowa Policji,Komenda Powiatowa Policji                                w Ropczycach,+48 47 822 43 10,http://bip.ropczyce.kpp.policja.gov.pl/
"22,2192","49,5592",38-500,Sanok,,Witkiewicza ,3,sanok@rz.policja.gov.pl,+48 13 465 73 19,Komenda Powiatowa Policji,Komenda Powiatowa Policji w Sanoku,+48 13 465 73 10,http://bip.sanok.kpp.policja.gov.pl/
"22,0562","50,567",37-450,Stalowa Wola,,Ks. J. Popiełuszki ,24,stalowa-wola@rz.policja.gov.pl,+48 47 826 13 19,Komenda Powiatowa Policji,Komenda Powiatowa Policji w Stalowej Woli,+48 47 826 13 10,http://bip.stalowawola.kpp.policja.gov.pl/
"21,7851","49,8687",38-100,Strzyżów,,Andersa ,2,strzyzow@rz.policja.gov.pl,+48 47 822 53 19,Komenda Powiatowa Policji,Komenda Powiatowa Policji w Strzyżowie,+48 47 822 53 10,http://bip.strzyzow.kpp.policja.gov.pl/
23.1690,53.1389, 15-003 ,Białystok,,Sienkiewicza,65,kwp@bk.policja.gov.pl,+48 47 711 31 61,Komenda Wojewódzka Policji,Komenda Wojewódzka Policji w Białymstoku,+48 47 711 29 00,http://www.podlaska.policja.gov.pl/
23.1483,53.1259,15-369,Białystok,,Bema,4,kmp@bialystok.bk.policja.gov.pl,+48 85 670 24 26,Komenda Miejska Policji,Komenda Miejska Policji w Białymstoku,+48 85 670 34 00,http://www.bialystok.policja.gov.pl/
23.1483,53.1259,15-369,Białystok,,Bema,4,kmp@bialystok.bk.policja.gov.pl,+48 47 711 34 41,Komenda Miejska Policji,Komenda Miejska Policji w Białymstoku,+48 47 711 24 73,http://www.bialystok.policja.gov.pl/
22.0717,53.1798,18-400 ,Łomża,,Wojska Polskiego,9,kmp@lomza.bk.policja.gov.pl ,+48 47 717 12 15,Komenda Miejska Policji,Komenda Miejska Policji w Łomży,+48 47 717 12 12,http://www.lomza.policja.gov.pl/
22.9373,54.1169,16-400 ,Suwałki,,Puławskiego,26,kmp@suwalki.bk.policja.gov.pl,+48 47 071 41 21,Komenda Miejska Policji,Komenda Miejska Policji w Suwałkach,+48 47 714 12 12,http://www.suwalki.policja.gov.pl/
22.9890,53.8380,16-300,Augustów,,Brzostowskiego,6,kpp@augustow.bk.policja.gov.pl,+48 47 715 62 15,Komenda Powiatowa Policji,Komenda Powiatowa Policji w Augustowie,+48 47 715 62 12,http://www.augustow.policja.gov.pl/
23.1939,52.7678,17-100,Bielsk Podlaski,,Kopernika,7,kpp@bielsk-podl.bk.policja.gov.pl,+48 47 712 52 15,Komenda Powiatowa Policji,Komenda Powiatowa Policji w Bielsku Podlaskim,+48 47 712 52 12,http://www.bielsk-podlaski.policja.gov.pl/
22.4687,53.6394,19-200,Grajewo,,Wojska Polskiego,74 A,kpp.grajewo@grajewo.policja.gov.pl,+48 47 718 42 15,Komenda Powiatowa Policji,Komenda Powiatowa Policji w Grajewie,+48 47 718 42 12,http://www.grajewo.policja.gov.pl/
23.5909,52.7338,17-200,Hajnówka,,Armi Krajowej ,1,kpp@hajnowka.bk.policja.gov.pl,+48 47 712 62 15,Komenda Powiatowa Policji,Komenda Powiatowa Policji w Hajnówce,+48 47 712 62 12,http://www.hajnowka.policja.gov.pl/
21.9306,53.4089,18-500,Kolno,,Wojska Polskiego,29,kpp@kolno.bk.policja.gov.pl,+48 47 718 22 15,Komenda Powiatowa Policji,Komenda Powiatowa Policji w Kolnie,+48 47 718 22 12,http://www.kolno.policja.gov.pl/
23.3511,54.1034,16-500,Sejny,,1-go Maja,13,komendant.kpp@sejny.bk.policja.gov.pl olicja.gov.pl,+48 47 715 32 15,Komenda Powiatowa Policji,Komenda Powiatowa Policji w Sejnach,+48 47 715 32 12,http://www.sejny.policja.gov.pl/
22.8556,52.4250,17-300,Siemiatycze,,Zielona,3,kpp.siemiatycze@siemiatycze.bk.policja.gov.pl,+48 47 712 22 15,Komenda Powiatowa Policji,Komenda Powiatowa Policji w Siemiatyczach,+48 47 712 22 12,http://www.siemiatycze.policja.gov.pl/
23.4890,53.4020,16-100,Sokółka,,Białostocka ,69b,komendant.kpp@sokolka.bk.policja.gov.pl,+48 47 712 32 15,Komenda Powiatowa Policji,Komenda Powiatowa Policji w Sokółce,+48 47 712 32 12,http://www.sokolka.policja.gov.pl/
22.5149,52.9157,18-200,Wysokie Mazowieckie,,Ludowa,13,kpp@wysokie-maz.bk.policja.gov.pl,+48 47 718 32 15,Komenda Powiatowa Policji,Komenda Powiatowa Policji w Wysokiem Mazowieckiem,+48 47 718 32 12,http://www.wysokie-mazowieckie.policja.gov.pl/
22.2448,52.9791,18-300,Zambrów,,Wojska Polskiego ,4a,dyzurny.kp@zambrow.bk.policja.gov.pl,+48 47 718 52 15,Komenda Powiatowa Policji,Komenda Powiatowa Policji w Zambrowie,+48 47 718 52 12,http://www.zambrow.policja.gov.pl/
18.6458,54.3468,80-819,Gdańsk,,Okopowa,15,kwp.gdansk@gd.policja.gov.pl,+48 58 301 79 10,Komenda Wojewódzka Policji,Komenda Wojewódzka Policji w Gdańsku,+48 47 741 59 00,https://www.pomorska.policja.gov.pl/
18.641,54.3518,80-803,Gdańsk,,Nowe Ogrody,27,komendant.gdansk@gd.policja.gov.pl,+48 47 741 63 19,Komenda Miejska Policji,Komenda Miejska Policji w Gdańsku,+48 47 741 35 08,http://www.gdansk.policja.gov.pl/
18.5432,54.5239,81-350,Gdynia,,Portowa,15,komendant.gdynia@gd.policja.gov.pl,,Komenda Miejska Policji,Komenda Miejska Policji w Gdyni,+48 58 662 12 22,http://www.gdynia.policja.gov.pl/
18.5572,54.4448,81-824,Sopot,,Armii Krajowej,112a,komendant.sopot@gd.policja.gov.pl,+48 58 521 63 84,Komenda Miejska Policji,Komenda Miejska Policji w Sopocie,+48 47 742 62 22,http://www.sopot.policja.gov.pl/
17.0150,54.4733,76-200,Słupsk,,3 Maja,1,komenda.slupsk@gd.policja.gov.pl,+48 47 742 02 10,Komenda Miejska Policji,Komenda Miejska Policji w Słupsku,+48 47 742 01 00,http://www.slupsk.policja.gov.pl/
17.4993,54.1679,77-100,Bytów,,Styp-Rekowskiego,2,kppbytow@pomorska.policja.gov.pl,+48 47 743 83 25,Komenda Powiatowa Policji,Komenda Powiatowa Policji w Bytowie,+48 47 743 83 00,http://bip.bytow.kpp.policja.gov.pl/
17.5726,53.6902,89-620,Chojnice,,Warszawska,13,komenda.chojnice@gd.policja.gov.pl,+48 47 743 61 47,Komenda Powiatowa Policji,Komenda Powiatowa Policji w Chojnicach,+48 47 743 62 22,http://www.chojnice.policja.gov.pl/
17.3614,53.6728,77-300,Człuchów,,Kasztanowa,17,sekretariat.czluchow@gd.policja.gov.pl ,+48 47 742 57 50,Komenda Powiatowa Policji,Komenda Powiatowa Policji w Człuchowie,+48 47 742 57 22,http://bip.czluchow.kpp.policja.gov.pl/
18.1999,54.341,83-300,Kartuzy,,Sambora,41,komenda.kartuzy@gd.policja.gov.pl,+48 47 742 22 44,Komenda Powiatowa Policji,Komenda Powiatowa Policji w Kartuzach,+48 47 742 22 22,http://www.kartuzy.policja.gov.pl/
17.974,54.1239,83-400,Kościerzyna,,Zgromadzenia Księży Zmartwychwstańców,2,kppkoscierzyna@pomorska.policja.gov.pl,+48 58 680 32 46,Komenda Powiatowa Policji,Komenda Powiatowa Policji w Kościerzynie,+48 47 742 32 00,http://www.koscierzyna.policja.gov.pl/
18.9311,53.7299,82-500,Kwidzyn,,Kościuszki ,30,komenda.kwidzyn@gd.policja.gov.pl,+48 47 742 92 04,Komenda Powiatowa Policji,Komenda Powiatowa Policji w Kwidzynie,+48 47 742 92 22,http://www.kwidzyn.policja.gov.pl/
17.7532,54.5326,84-300,Lębork,,Toruńska,5,komenda.lebork@gd.policja.gov.pl,+48 47 742 48 78,Komenda Powiatowa Policji,Komenda Powiatowa Policji w Lęborku,+48 47 742 48 26,http://www.lebork.policja.gov.pl/
19.0428,54.0291,82-200,Malbork,,Generała de Gaulle`a,3,komenda.malbork@gd.policja.gov.pl ,+48 47 742 28 75,Komenda Powiatowa Policji,Komenda Powiatowa Policji w Malborku,+48 47 742 28 22,http://www.malbork.policja.gov.pl/
19.122,54.2135,82-100,Nowy Dwór Gdański,,Kościuszki,10,komenda.ndg@gd.policja.gov.pl,+48 47 743 92 23,Komenda Powiatowa Policji,Komenda Powiatowa Policji w Nowym Dworze Gdańskim,+48 47 743 92 72,http://www.nowydworgdanski.policja.gov.pl
18.6389,54.2604,83-000,Pruszcz Gdański,,Wita Stwosza,4,rzecznikkpppruszczgd@pomorska.policja.gov.pl ,+48 47 742 42 95,Komenda Powiatowa Policji,Komenda Powiatowa Policji w Pruszczu Gdańskim,+48 47 742 42 02,http://www.pruszczgdanski.policja.gov.pl
18.4088,54.7165,84-100,Puck,,Dworcowa,5,kpppuck@pomorska.policja.gov.pl ,+48 58 674 52 46,Komenda Powiatowa Policji,Komenda Powiatowa Policji w Pucku,+48 47 742 52 22,www.puck.policja.gov.pl
18.5065,53.9611,83-200,Starogard Gdański,,Bohaterów Getta,2,komenda.starogard@gd.policja.gov.pl,+48 47 742 74 46,Komenda Powiatowa Policji,Komenda Powiatowa Policji w Starogardzie Gdańskim,+48 47 742 72 22,http://www.starogardgdanski.policja.gov.pl/
19.029,53.9221,82-400,Sztum,,Sienkiewicza,7,dyzurny.sztum@gd.policja.gov.pl,+48 47 743 56 23,Komenda Powiatowa Policji,Komenda Powiatowa Policji w Sztumie,+48 47 743 56 22,http://www.sztum.policja.gov.pl/
18.7912,54.0817,83-110,Tczew,,Kasprowicza,2,komenda.tczew@gd.policja.gov.pl,+48 47 742 81 46,Komenda Powiatowa Policji,Komenda Powiatowa Policji w Tczewie,+48 47 742 82 22,http://bip.tczew.kpp.policja.gov.pl/
18.2296,54.6049,84-200,Wejherowo,,Dworcowa,14,komenda.wejherowo@gd.policja.gov.pl ,+48 58 672 97 46,Komenda Powiatowa Policji,Komenda Powiatowa Policji w Wejherowie,+48 47 742 97 03,http://bip.wejherowo.kpp.policja.gov.pl/
19.0227,50.2475,40-038,Katowice,,ul. Lompy,19,kancelaria-kwp@ka.policja.gov.pl,+48 47 851 16 26,Komenda Wojewódzka Policji,Komenda Wojewódzka Policji w Katowicach,+48 47 851 22 22,https://slaska.policja.gov.pl
19.1342,50.3187,42-500,Będzin,,ul. Generała Józefa Bema,1,komendant@bedzin.ka.policja.gov.pl,+48 47 853 62 44,Komenda Powiatowa Policji,Komenda Powiatowa Policji w Będzinie,+48 47 853 62 00,https://bedzin.policja.gov.pl
19.0525,49.8265,43-300,Bielsko-Biała,,ul. Wapienna,45,komendant@bielsko.ka.policja.gov.pl,+48 47 857 12 44,Komenda Miejska Policji,Komenda Miejska Policji w Bielsku-Białej,+48 47 857 12 00,https://bielsko-biala.policja.gov.pl
19.1346,50.0827,43-155,Bieruń,,ul. Turystyczna,1A,komendant@bierun.ka.policja.gov.pl,+48 47 852 72 44,Komenda Powiatowa Policji,Komenda Powiatowa Policji w Bieruniu,+48 47 852 72 00,https://bierun.policja.gov.pl
18.9174,50.3525,41-902,Bytom,,ul. Powstańców Warszawskich,74,komendant@bytom.ka.policja.gov.pl,+48 47 853 32 44,Komenda Miejska Policji,Komenda Miejska Policji w Bytomiu,+48 47 853 32 66,https://bytom.policja.gov.pl
18.9736,50.3107,41-503,Chorzów,,ul. Legnicka,1,komendant@chorzow.ka.policja.gov.pl,+48 47 854 52 44,Komenda Miejska Policji,Komenda Miejska Policji w Chorzowie,+48 47 854 52 66,https://chorzow.policja.gov.pl
18.6366,49.7427,43-400,Cieszyn,,ul. Wojska Polskiego,2,komendant@cieszyn.ka.policja.gov.pl,+48 47 857 32 44,Komenda Powiatowa Policji,Komenda Powiatowa Policji w Cieszynie,+48 47 857 32 00,https://cieszyn.policja.gov.pl
19.1034,50.8162,42-200,Częstochowa,,ul. Popiełuszki,5,komendant@czestochowa.ka.policja.gov.pl,+48 47 858 12 44,Komenda Miejska Policji,Komenda Miejska Policji w Częstochowie,+48 47 858 12 12,https://czestochowa.policja.gov.pl
19.2106,50.3290,41-300,Dąbrowa Górnicza,,Al. Piłsudskiego,11,komendant@dabrowa.ka.policja.gov.pl,+48 47 852 22 44,Komenda Miejska Policji,Komenda Miejska Policji w Dąbrowie Górniczej,+48 47 852 22 00,https://dabrowa-gornicza.policja.gov.pl
18.6618,50.2976,44-100,Gliwice,,ul. Powstańców Warszawy,10.gru,komendant@gliwice.ka.policja.gov.pl,+48 47 859 22 44,Komenda Miejska Policji,Komenda Miejska Policji w Gliwicach,+48 47 859 22 00,https://gliwice.policja.gov.pl
18.6023,49.9504,44-335,Jastrzębie Zdrój,,ul. Śląska,12,komendant@jastrzebie.ka.policja.gov.pl,+48 47 855 42 44,Komenda Miejska Policji,Komenda Miejska Policji w Jastrzębiu Zdroju,+48 47 855 42 00,https://jastrzebie-zdroj.policja.gov.pl
19.2772,50.2015,43-600,Jaworzno,,ul. Narutowicza,1,komendant@jaworzno.ka.policja.gov.pl,+48 47 852 52 44,Komenda Miejska Policji,Komenda Miejska Policji w Jaworznie,+48 47 852 52 00,https://jaworzno.policja.gov.pl
19.0232,50.2476,40-038,Katowice,,ul. Lompy,19,komendant@katowice.ka.policja.gov.pl,+48 47 851 22 44,Komenda Miejska Policji,Komenda Miejska Policji w Katowicach,+48 47 851 25 55,https://katowice.policja.gov.pl
18.9394,50.9062,42-100,Kłobuck,,ul. Boh. Bitwy pod Mokrą,5,komendant@klobuck.ka.policja.gov.pl,+48 47 858 22 44,Komenda Powiatowa Policji,Komenda Powiatowa Policji w Kłobucku,+48 47 858 22 00,https://klobuck.policja.gov.pl
18.6883,50.6725,42-700,Lubliniec,,ul. Oświęcimska,6,komendant@lubliniec.ka.policja.gov.pl,+48 47 858 32 44,Komenda Powiatowa Policji,Komenda Powiatowa Policji w Lublińcu,+48 47 858 32 55,https://lubliniec.policja.gov.pl
18.8949,50.1731,43-190,Mikołów,,ul. Rymera,1,komendant@mikolow.ka.policja.gov.pl,+48 47 855 82 44,Komenda Powiatowa Policji,Komenda Powiatowa Policji w Mikołowie,+48 47 855 82 00,https://mikolow.policja.gov.pl
19.1380,50.2427,41-400,Mysłowice,,ul. Starokościelna,2,komendant@myslowice.ka.policja.gov.pl,+48 47 852 62 44,Komenda Miejska Policji,Komenda Miejska Policji w Mysłowicach,+48 47 852 62 00,https://myslowice.policja.gov.pl
19.3421,50.5836,42-300,Myszków,,ul. Kościuszki,105,komendant@myszkow.ka.policja.gov.pl,+48 47 858 42 44,Komenda Powiatowa Policji,Komenda Powiatowa Policji w Myszkowie,+48 47 858 42 00,https://myszkow.policja.gov.pl
18.9457,50.3766,41-940,Piekary Śląskie,,ul. Kalwaryjska,62,komendant@piekary.ka.policja.gov.pl,+48 47 853 22 44,Komenda Miejska Policji,Komenda Miejska Policji w Piekarach Śląskich,+48 47 853 22 00,https://piekary.policja.gov.pl
18.9498,49.9715,43-200,Pszczyna,,ul. Bogedaina,18,komendant@pszczyna.ka.policja.gov.pl,+48 47 855 22 44,Komenda Powiatowa Policji,Komenda Powiatowa Policji w Pszczynie,+48 47 855 22 00,https://pszczyna.policja.gov.pl
18.2280,50.0955,47-400,Racibórz,,ul. Bosacka,42,komendant@raciborz.ka.policja.gov.pl,+48 47 855 62 44,Komenda Powiatowa Policji,Komenda Powiatowa Policji w Raciborzu,+48 47 855 62 00,https://raciborz.policja.gov.pl
18.8719,50.2884,41-709,Ruda Śląska,,ul. Hallera,9,komendant@ruda.ka.policja.gov.pl,+48 47 854 12 44,Komenda Miejska Policji,Komenda Miejska Policji w Rudzie Śląskiej,+48 47 854 12 00,https://ruda-slaska.policja.gov.pl
18.5422,50.0884,44-200,Rybnik,,Pl. Armii Krajowej,5,komendant@rybnik.ka.policja.gov.pl,+48 47 855 72 44,Komenda Miejska Policji,Komenda Miejska Policji w Rybniku,+48 47 855 72 00,https://rybnik.policja.gov.pl
19.0239,50.3059,41-100,Siemianowice Śląskie,,ul. Jana Pawła II,16,komendant@siemianowice.ka.policja.gov.pl,+48 47 853 12 44,Komenda Miejska Policji,Komenda Miejska Policji w Siemianowicach Śląskich,+48 47 853 12 01,https://siemianowice-slaskie.policja.gov.pl
19.1258,50.2745,41-200,Sosnowiec,,ul. Piłsudskiego,2,komendant@sosnowiec.ka.policja.gov.pl,+48 47 852 12 44,Komenda Miejska Policji,Komenda Miejska Policji w Sosnowcu,+48 47 852 12 00,https://sosnowiec.policja.gov.pl
18.9195,50.2834,41-600,Świętochłowice,,ul. Wojska Polskiego,16c,komendant@swietochlowice.ka.policja.gov.pl,+48 47 854 42 44,Komenda Miejska Policji,Komenda Miejska Policji w Świętochłowicach,+48 47 854 42 66,https://swietochlowice.policja.gov.pl
18.8606,50.4425,42-600,Tarnowskie Góry,,ul. Bytomska,6,komendant@tarnowskie-gory.ka.policja.gov.pl,+48 47 853 42 44,Komenda Powiatowa Policji,Komenda Powiatowa Policji w Tarnowskich Górach,+48 47 853 42 00,https://tarnowskie-gory.policja.gov.pl
18.9858,50.1227,43-100,Tychy,,Al. Bielska,46,komendant@tychy.ka.policja.gov.pl,+48 47 855 12 44,Komenda Miejska Policji,Komenda Miejska Policji w Tychach,+48 47 855 12 00,https://tychy.policja.gov.pl
18.4501,50.0171,44-313,Wodzisław Śląski,,ul. Kokoszycka,180b,komendant@wodzislaw.ka.policja.gov.pl,+48 47 855 52 44,Komenda Powiatowa Policji,Komenda Powiatowa Policji w Wodzisławiu Śląskim,+48 47 855 52 00,https://wodzislaw-slaski.policja.gov.pl
18.7772,50.3019,41-800,Zabrze,,ul. 1-go Maja,10,komendant@zabrze.ka.policja.gov.pl,+48 47 854 32 44,Komenda Miejska Policji,Komenda Miejska Policji w Zabrzu,+48 47 854 32 00,https://zabrze.policja.gov.pl
19.4351,50.4846,42-400,Zawiercie,,ul. Kasprowicza,9,komendant@zawiercie.ka.policja.gov.pl,+48 47 853 52 44,Komenda Powiatowa Policji,Komenda Powiatowa Policji w Zawierciu,+48 47 853 52 00,https://zawiercie.policja.gov.pl
18.6886,50.0424,44-240,Żory,,ul. Wodzisławska,3,komendant@zory.ka.policja.gov.pl,+48 47 855 32 44,Komenda Miejska Policji,Komenda Miejska Policji w Żorach,+48 47 855 32 00,https://zory.policja.gov.pl
19.2073,49.6856,34-300,Żywiec,,Al. Piłsudskiego,52,komendant@zywiec.ka.policja.gov.pl,+48 47 857 22 44,Komenda Powiatowa Policji,Komenda Powiatowa Policji w Żywcu,+48 47 857 22 00,https://zywiec.policja.gov.pl
20.6347,50.8653,25-372,Kielce,,Seminaryjska,12,komendant @ki.policja.gov.pl,+48 47 802 20 15,Komenda Wojewódzka Policji,Komenda Wojewódzka Policji w Kielcach,+48 47 802 20 10,www.swietokrzyska.policja.gov.pl/
20.6311,50.8670,25-363,Kielce,,Wesoła,43,kielce.kmp@ki.policja.gov.pl,+48 47 801 30 15,Komenda Miejska Policji,Komenda Miejska Policji w Kielcach,+48 47 801 30 10,www.kielce.policja.gov.pl
20.7203,50.4657,28-100,Busko Zdrój,,Mickiewicza,19,busko@ki.policja.gov.pl,+48 47 804 52 03,Komenda Powiatowa Policji,Komenda Powiatowa Policji w Busku-Zdroju,+48 47 804 52 05,www.busko-zdroj.swietokrzyska.policja.gov.pl
20.2958,50.6451,28-300,Jędrzejów,,11-go Listopada,78,jedrzejow@ki.policja.gov.pl,+48 47 804 62 03,Komenda Powiatowa Policji,Komenda Powiatowa Policji w Jędrzejowie,+48 47 804 62 05,www.jedrzejow.swietokrzyska.policja.gov.pl
20.4895,50.2663,28-500,Kazimierza Wielka,,Aleja Parkowa,1,komendant.kazimierza@ki.policja.gov.pl,+48 47 804 82 03,Komenda Powiatowa Policji,Komenda Powiatowa Policji w Kazimierzy Wielkiej,+48 47 804 82 05,www.kazimierzawielka.swietokrzyska.policja.gov.pl
20.4101,51.1924,26-200,Końskie,,Łazienna,12,konskie@ki.policja.gov.pl,+48 47 804 72 07,Komenda Powiatowa Policji,Komenda Powiatowa Policji w Końskich,+48 47 804 72 05,www.konskie.swietokrzyska.policja.gov.pl
21.3877,50.9362,27-400,Ostrowiec Świętokrzyski,,Aleja 3-go Maja,9,sekretariat.ostrowiec@ki.policja.gov.pl,+48 47 804 22 03,Komenda Powiatowa Policji,Komenda Powiatowa Policji w Ostrowcu Św.,+48 47 804 22 05,www.ostrowiecswietokrzyski.swietokrzyska.policja.gov.pl
21.4301,50.7997,27-500,Opatów,,Sienkiewicza,30,opatow@ki.policja.gov.pl,+48 47 805 22 03,Komenda Powiatowa Policji,Komenda Powiatowa Policji w Opatowie,+48 47 805 22 05,www.opatow.swietokrzyska.policja.gov.pl
20.5265,50.5214,28-400,Pińczów,,Floriańska,4,pinczow@ki.policja.gov.pl,+48 47 805 32 03,Komenda Powiatowa Policji,Komenda Powiatowa Policji w Pińczowie,+48 47 805 32 00,www.pinczow.swietokrzyska.policja.gov.pl
21.7409,50.6859,27-600,Sandomierz,,Mickiewicza,30,sandomierz@ki.policja.gov.pl,+48 47 804 12 03,Komenda Powiatowa Policji,Komenda Powiatowa Policji w Sandomierzu,+48 47 804 12 05,www.sandomierz.swietokrzyska.policja.gov.pl
20.8849,51.1231,26-110,Skarżysko Kamienna,,Szydłowiecka ,22,skarzysko@ki.policja.gov.pl,+48 47 804 42 03,Komenda Powiatowa Policji,Komenda Powiatowa Policji w Skarżysku - Kamiennej,+48 47 804 42 05,www.skarzysko-kamienna.swietokrzyska.policja.gov.pl
21.0747,51.0524,27-200,Starachowice,,Armii Krajowej,27,starachowice@ki.policja.gov.pl,+48 47 804 32 24,Komenda Powiatowa Policji,Komenda Powiatowa Policji w Starachowicach,+48 47 804 32 06,www.starachowice.swietokrzyska.policja.gov.pl
21.1663,50.5666,28-200,Staszów,,Armii Krajowej,10,staszow@ki.policja.gov.pl,+48 47 804 92 03,Komenda Powiatowa Policji,Komenda Powiatowa Policji w Staszowie,+48 47 804 92 05,www.staszow.swietokrzyska.policja.gov.pl
19.9638,50.8519,29-100,Włoszczowa,,Świeża,18,wloszczowa@ki.policja.gov.pl,+48 47 805 12 03,Komenda Powiatowa Policji we Włoszczowie,Komenda Powiatowa Policji we Włoszczowie,+48 47 805 12 05,www.wloszczowa.swietokrzyska.policja.gov.pl
20.4829,53.7820,10-521,Olsztyn,,Partyzantów,08.cze,komendant@ol.policja.gov.pl,+48 47 731 55 05,Komenda Wojewódzka Policji,Komenda Wojewódzka Policji w Olsztynie,+48 47 731 39 00,warminsko-mazurska.policja.gov.pl
19.4033,54.1556,82-300,Elbląg,,Aleja Tysiąclecia,3,komendant@elblag.ol.policja.gov.pl,+48 47 734 15 58,Komenda Miejska Policji,Komenda Miejska Policji w Elblągu,+48 47 734 15 50,elblag.policja.gov.pl
20.7917,54.2603,11-200,Bartoszyce,,Wyszyńskiego,28,komendant@bartoszyce.ol.policja.gov.pl,+48 47 732 12 05,Komenda Powiatowa Policji,Komenda Powiatowa Policji w Bartoszycach,+48 47 732 12 00,bartoszyce.policja.gov.pl
19.8282,54.3753,14-500,Braniewo,,Moniuszki,11a,komendant@braniewo.ol.policja.gov.pl,+48 47 734 32 05,Komenda Powiatowa Policji,Komenda Powiatowa Policji w Braniewie,+48 47 734 32 00,braniewo.policja.gov.pl
20.1709,53.2387,13-200,Działdowo,,Grunwaldzka,8,komendant@dzialdowo.ol.policja.gov.pl,+48 47 732 32 05,Komenda Powiatowa Policji,Komenda Powiatowa Policji w Działdowie,+48 47 732 32 11,dzialdowo.policja.gov.pl
22.3530,53.8211,19-300,Ełk,,Chopina,10,komendant@elk.ol.policja.gov.pl,+48 47 735 52 05,Komenda Powiatowa Policji,Komenda Powiatowa Policji w Ełku,+48 47 735 52 00,elk.policja.gov.pl
21.7732,54.0422,11-500,Giżycko,,1 Maja,26,komendant@gizycko.ol.policja.gov.pl,+48 47 735 22 05,Komenda Powiatowa Policji Giżycku,Komenda Powiatowa Policji Giżycku,+48 47 735 22 00,gizycko.policja.gov.pl
22.2993,54.3149,19-500,Gołdap,,Mazurska,33,komendant@goldap.ol.policja.gov.pl,+48 47 735 74 05,Komenda Powiatowa Policji,Komenda Powiatowa Policji w Gołdapi,+48 47 735 74 00,goldap.policja.gov.pl
19.5556,53.5865,14-200,Iława,,Wiejska,4,komendant@ilawa.ol.policja.gov.pl,+48 47 732 62 05,Komenda Powiatowa Policji Iławie,Komenda Powiatowa Policji Iławie,+48 47 732 62 00,www.ilawa.policja.gov.pl
21.3701,54.0802,11-400,Kętrzyn,,Wojska Polskiego,5,komendant@ketrzyn.ol.policja.gov.pl,+48 47 735 12 05,Komenda Powiatowa Policji,Komenda Powiatowa Policji w Kętrzynie,+48 47 735 12 00,ketrzyn.policja.gov.pl
20.5906,54.1242,11-100,Lidzbark Warmiński,,Warmińska,8,komendant@lidzbark-warm.ol.policja.gov.pl,+48 47 732 72 05,Komenda Powiatowa Policji,Komenda Powiatowa Policji w Lidzbarku Warmińskim,+48 47 732 72 00,lidzbark-warminski.policja.gov.pl
21.3045,53.8772,11-700,Mrągowo,,Wolności,2,komendant@mragowo.ol.policja.gov.pl,+48 47 732 82 05,Komenda Powiatowa Policji,Komenda Powiatowa Policji w Mrągowie,+48 47 732 82 00,mragowo.policja.gov.pl
20.4309,53.3600,13-100,Nidzica,,Mickiewicza,17,komendant@nidzica.ol.policja.gov.pl,+48 47 732 52 05,Komenda Powiatowa Policji,Komenda Powiatowa Policji w Nidzicy,+48 47 732 52 00,nidzica.policja.gov.pl
19.5886,53.4269,13-300,Nowe Miasto Lubawskie,,Grunwaldzka,6,komendant@nml.ol.policja.gov.pl,+48 47 732 22 05,Komenda Powiatowa Policji,Komenda Powiatowa Policji w Nowym Mieście Lubawskim,+48 47 732 22 00,nowe-miasto-lubawskie.policja.gov.pl
22.5107,54.0404,19-400,Olecko,,Zamkowa,1,komendant@olecko.ol.policja.gov.pl,+48 47 735 32 05,Komenda Powiatowa Policji,Komenda Powiatowa Policji w Olecku,+48 47 735 32 00,olecko.policja.gov.pl
19.9785,53.6934,14-100,Ostróda,,Handlowa,6,komendant@ostroda.ol.policja.gov.pl,+48 47 732 42 15,Komenda Powiatowa Policji,Komenda Powiatowa Policji w Ostródzie,+48 47 732 42 11,ostroda.policja.gov.pl
21.8054,53.6302,12-200,Pisz,,Armii Krajowej,1,komendant@pisz.ol.policja.gov.pl,+48 47 735 42 05,Komenda Powiatowa Policji,Komenda Powiatowa Policji w Piszu,+48 47 735 42 00,pisz.policja.gov.pl
21.8079,53.6273,12-100,Szczytno,,Piłsudskiego,39,komendant@szczytno.ol.policja.gov.pl,+48 47 733 12 05,Komenda Powiatowa Policji,Komenda Powiatowa Policji w Szczytnie,+48 47 733 12 00,szczytno.policja.gov.pl
21.7518,54.2024,11-600,Węgorzewo,,Jana Pawła II,39,komendant@wegorzewo.ol.policja.gov.pl,+48 47 735 64 15,Komenda Powiatowa Policji,Komenda Powiatowa Policji w Węgorzewie,+48 47 735 64 00,wegorzewo.policja.gov.pl
16.9103,52.4129,60-844,Poznań,,ul. Kochanowskiego ,2a,kancelaria.komendanta@po.policja.gov.pl,+48 47 771 40 11,Komenda Wojewódzka Policji,Komenda Wojewódzka Policji w Poznaniu,+48 47 771 38 18,http://www.wielkopolska.policja.gov.pl/
16.9008,52.4064,60-787,Poznań,,ul. A. Szylinga,2,dyzurny.poznan@po.policja.gov.pl ,+48 61 841 56 69,Komenda Miejska Policji,Komenda Miejska Policji w Poznaniu,+48 47 771 56 00,http://www.poznan.policja.gov.pl/
16.9185,52.9971,64-800,Chodzież,,ul. Wiosny Ludów,14,dyzurny.chodziez@po.policja.gov.pl,+48 47 774 52 15,Komenda Powiatowa Policji,Komenda Powiatowa Policji w Chodzieży,+48 47 774 52 00,http://www.chodziez.policja.gov.pl/
16.5588,52.8987,64-700,Czarnków,,ul. Kościuszki,89,dyzurny.czarnkow@po.policja.gov.pl,+48 47 774 82 15,Komenda Powiatowa Policji,Komenda Powiatowa Policji w Czarnkowie,+48 47 774 82 00,http://www.czarnkow.policja.gov.pl/
17.6046,52.5359,62-200,Gniezno,,ul. Jana Pawła II,2,dyzurny.gniezno@po.policja.gov.pl,+48 47 772 12 15,Komenda Powiatowa Policji,Komenda Powiatowa Policji w Gnieźnie,+48 47 772 12 11,http://www.gniezno.policja.gov.pl/
16.3599,52.2245,62-065,Grodzisk Wielkopolski,,ul. Drzymały,13,dyzurny.grodzisk-wlkp@po.policja.gov.pl,+48 47 772 22 15,Komenda Powiatowa Policji,Komenda Powiatowa Policji  w Grodzisku  Wielkopolskim,+48 47 772 22 11,http://www.grodzisk-wielkopolski.policja.gov.pl/
17.5316,51.9785,63-200,Jarocin,,ul. Bohaterów Jarocina,15,dyzurny.jarocin@po.policja.gov.pl,+48 47 775 52 15,Komenda Powiatowa Policji,Komenda Powiatowa Policji w Jarocinie,+48 47 775 52 00,http://www.jarocin.policja.gov.pl/
18.0925,51.7599,62-800,Kalisz,,ul. Jasna,01.mar,dyzurny.kalisz@po.policja.gov.pl,+48 47 775 11 74,Komenda Miejska Policji,Komenda Miejska Policji w Kaliszu,+48 47 775 12 40,http://www.kalisz.policja.gov.pl/
17.9299,51.2799,63-600,Kępno,,Chojęcin-Szum,8a,dyzurny.kepno@po.policja.gov.pl,+48 47 771 52 15,Komenda Powiatowa Policji,Komenda Powiatowa Policji w Kępnie,+48 47 771 52 11,http://www.kepno.policja.gov.pl/
18.2580,52.2250,62-510,Konin,,ul. Przemysłowa,2,dyzurny.konin@po.policja.gov.pl,+48 47 775 24 40,Komenda Miejska Policji,Komenda Miejska Policji w Koninie,+48 47 775 21 43,http://www.konin.policja.gov.pl/
16.6352,52.0809,64-000,Kościan,,ul. Ks. J. Surzyńskiego,31,dyzurny.koscian@po.policja.gov.pl,+48 47 772 62 15,Komenda Powiatowa Policji,Komenda Powiatowa Policji w Kościanie,+48 47 772 62 00,http://www.koscian.policja.gov.pl/
17.4349,51.6927,63-700,Krotoszyn,,ul. Zdunowska,38a,dyzurny.krotoszyn@po.policja.gov.pl,+48 47 775 32 15,Komenda Powiatowa Policji,Komenda Powiatowa Policji w Krotoszynie,+48 47 775 32 00,http://www.krotoszyn.policja.gov.pl/
16.5781,51.8387,64-100,Leszno,,ul. 17 -go Stycznia,8,dyzurny.leszno@po.policja.gov.pl ,+48 47 773 16 57,Komenda Miejska Policji,Komenda Miejska Policji w Lesznie,+48 47 773 19 00,http://www.leszno.policja.gov.pl/
15.9125,52.6051,64-400,Międzychód,,ul. Sikorskiego,22a,dyzurny.miedzychod@po.policja.gov.pl,+48 47 773 62 15,Komenda Powiatowa Policji,Komenda Powiatowa Policji w Międzychodzie,+48 47 773 62 11,http://www.miedzychod.policja.gov.pl/
16.1315,52.3140,64-300,Nowy Tomyśl,,ul. Piłsudskiego,37,dyzurny.nowy-tomysl@po.policja.gov.pl,+48 47 772 32 15,Komenda Powiatowa Policji,Komenda Powiatowa Policji w Nowym Tomyślu,+48 47 772 32 00,http://www.nowy-tomysl.policja.gov.pl/
16.8147,52.6505,64-600,Oborniki,,ul. Piłsudskiego,54,dyzurny.oborniki@po.policja.gov.pl,+48 47 772 42 15,Komenda Powiatowa Policji,Komenda Powiatowa Policji w Obornikach,+48 47 772 42 11,http://www.oborniki.policja.gov.pl/
17.7995,51.6421,63-400,Ostrów Wielkopolski,,ul. Odolanowska,19,dyzurny.ostrow-wielkopolski@po.policja.gov.pl,+48 47 775 42 15,Komenda Powiatowa Policji,Komenda Powiatowa Policji w Ostrowie Wielkopolskim,+48 47 775 42 00,http://www.ostrow-wielkopolski.policja.gov.pl/
17.9277,51.4274,63-500,Ostrzeszów,,ul. Zamkowa,27,dyzurny.ostrzeszow@po.policja.gov.pl,+48 47 775 72 15,Komenda Powiatowa Policji,Komenda Powiatowa Policji w Ostrzeszowie,+48 47 775 72 00,http://www.ostrzeszow.policja.gov.pl/
16.7635,53.1513,64-920,Piła,,ul. Bydgoska,115,dyzurny.pila@po.policja.gov.pl,+48 47 774 13 22,Komenda Powiatowa Policji,Komenda Powiatowa Policji w Pile,+48 47 774 15 60,http://www.pila.policja.gov.pl/
17.7779,51.8956,63-300,Pleszew,,ul. Kochanowskiego,6,dyzurny.pleszew@po.policja.gov.pl ,+48 47 775 82 15,Komenda Powiatowa Policji,Komenda Powiatowa Policji w Pleszewie,+48 47 775 82 00,http://www.pleszew.policja.gov.pl/
16.8571,51.6036,63-900,Rawicz,,ul. Sienkiewicza,23,dyzurny.rawicz@po.policja.gov.pl ,+48 47 772 72 15,Komenda Powiatowa Policji,Komenda Powiatowa Policji w Rawiczu,+48 47 772 72 00,http://www.rawicz.policja.gov.pl/
17.8679,52.2887,62-400,Słupca,,ul. Poznańska,13,dyzurny.slupca@po.policja.gov.pl,+48 47 773 82 05,Komenda Powiatowa Policji,Komenda Powiatowa Policji w Słupcy,+48 47 773 82 11,http://www.slupca.policja.gov.pl/
16.5701,52.6162,64-500,Szamotuły,,ul. Polna,3,dyzurny.szamotuly@po.policja.gov.pl,+48 47 773 22 15,Komenda Powiatowa Policji,Komenda Powiatowa Policji w Szamotułach,+48 47 773 22 11,http://www.szamotuly.policja.gov.pl/
17.0188,52.0885,63-100,Śrem,,ul. Mickiewicza,15,dyzurny.srem@po.policja.gov.pl,+48 47 773 42 15,Komenda Powiatowa Policji,Komenda Powiatowa Policji w Śremie,+48 47 773 42 11,http://www.srem.policja.gov.pl/
17.2946,52.2225,63-000,Środa Wielkopolska,,ul. Harcerska,22,dyzurny.sroda-wlkp@po.policja.gov.pl ,+48 47 773 32 15,Komenda Powiatowa Policji,Komenda Powiatowa Policji w Środzie Wielkopolskiej,+48 47 773 32 00,http://www.sroda-wielkopolska.policja.gov.pl/
18.5071,52.0148,62-700,Turek,,ul. Legionów Polskich,3,dyzurny.turek@po.policja.gov.pl,+48 47 773 72 15,Komenda Powiatowa Policji,Komenda Powiatowa Policji w Turku,+48 47 773 72 00,http://www.turek.policja.gov.pl/
17.1993,52.7947,62-100,Wągrowiec,,ul. Taszarowo,11,dyzurny.wagrowiec@po.policja.gov.pl ,+48 47 774 62 15,Komenda Powiatowa Policji,Komenda Powiatowa Policji w Wągrowcu,+48 47 774 62 11,http://www.wagrowiec.policja.gov.pl/
16.1083,52.1130,64-200,Wolsztyn,,ul. Dworcowa,1,dyzurny.wolsztyn@po.policja.gov.pl ,+48 47 772 82 05,Komenda Powiatowa Policji,Komenda Powiatowa Policji w Wolsztynie,+48 47 772 82 00,http://www.wolsztyn.policja.gov.pl/
17.5685,52.3265,62-300,Września,,ul. Szkolna,23,dyzurny.wrzesnia@po.policja.gov.pl,+48 47 773 52 15,Komenda Powiatowa Policji we Wrześni,Komenda Powiatowa Policji we Wrześni,+48 47 773 52 00,http://www.wrzesnia.policja.gov.pl/
17.0515,53.3614,77-400,Złotów,,Aleja Piasta,49,dyzurny.zlotow@po.policja.gov.pl,+48 47 774 32 15,Komenda Powiatowa Policji,Komenda Powiatowa Policji w Złotowie,+48 47 774 32 11,http://www.zlotow.policja.gov.pl/
14.5587,53.4291,70-515,Szczecin,,ul. Małopolska,47,biuroprasowe@sc.policja.gov.pl,+48 47 781 51 19,Komenda Wojewódzka Policji,Komenda Wojewódzka Policji w Szczecinie,+48 47 781 19 00,www.zachodniopomorska.policja.gov.pl
16.1841,54.1890,75-009,Koszalin,,ul. Juliusza Słowackiego,11,sekretariat.koszalin@sc.policja.gov.pl,+48 47 784 15 08,Komenda Miejska Policji,Komenda Miejska Policji w Koszalinie,+48 47 784 15 05,koszalin.policja.gov.pl
14.5462,53.4196,70-227,Szczecin,,ul. Kaszubska,35,kmpszczecin@sc.policja.gov.pl,+48 47 781 35 08,Komenda Miejska Policji,Komenda Miejska Policji w Szczecinie,+48 47 781 35 05,szczecin.policja.gov.pl
14.2523,53.9149,72-600,Świnoujście,,ul. Bolesława Krzywoustego,2:00 AM,rzecznik.swinoujscie@sc.policja.gov.pl,+48 47 783 15 13,Komenda Miejska Policji,Komenda Miejska Policji w Świnoujściu,+48 47 783 15 11,swinoujscie.policja.gov.pl
15.9882,54.0054,78-200,Białogard,,ul. Kołobrzeska ,43,kpp@bialogard.policja.gov.pl,+48 47 784 25 13,Komenda Powiatowa Policji,Komenda Powiatowa Policji w Białogardzie,+48 47 784 25 11,bialogard.policja.gov.pl
15.4128,53.1689,73-200,Choszczno,,ul. Bohaterów Warszawy,7 C,sekretariat.choszczno@sc.policja.gov.pl,+48 47 782 05 12,Komenda Powiatowa Policji,Komenda Powiatowa Policji w Choszcznie,+48 47 782 05 11,choszczno.policja.gov.pl
15.8138,53.5261,78-500,Drawsko Pomorskie,,ul. Obrońców Westerplatte,3,dyzurny.drawsko@sc.policja.gov.pl,+48 47 784 85 04,Komenda Powiatowa Policji,Komenda Powiatowa Policji w Drawsku Pomorskim,+48 47 784 85 05,drawsko.policja.gov.pl
14.8462,53.5619,72-100,Goleniów,,ul. Maszewska,9,sekretariat.goleniow@sc.policja.gov.pl,+48 47 782 15 13,Komenda Powiatowa Policji,Komenda Powiatowa Policji w Goleniowie,+48 47 782 15 11,goleniow.policja.gov.pl
15.1963,53.9137,72-300,Gryfice,,ul. Adama Mickiewicza,19,dyzurnykpp@gryfice.policja.gov.pl,+48 47 782 25 13,Komenda Powiatowa Policji,Komenda Powiatowa Policji w Gryficach,+48 47 782 25 05,gryfice.policja.gov.pl
14.4907,53.2487,74-100,Gryfino,,ul. Policyjna,2,sekretariat.gryfino@sc.policja.gov.pl,+48 47 782 35 13,Komenda Powiatowa Policji,Komenda Powiatowa Policji w Gryfinie,+48 47 782 35 05,gryfino.policja.gov.pl
14.7753,53.9721,72-400,Kamień Pomorski,,ul. Żwirki i Wigury,2,rzecznik@kamien.policja.gov.pl,+48 47 783 45 13,Komenda Powiatowa Policji,Komenda Powiatowa Policji w Kamieniu Pomorskim,+48 47 783 45 11,kamien.policja.gov.pl
15.5739,54.1796,78-100,Kołobrzeg,,ul. Jana Kilińskiego,20,sekretariat.kolobrzeg@sc.policja.gov.pl ,+48 94 353 35 13,Komenda Powiatowa Policji,Komenda Powiatowa Policji w Kołobrzegu,+48 47 784 65 05,kolobrzeg.policja.gov.pl
15.6149,53.6335,73-150,Łobez,,ul. Wojska Polskiego,2,dyzurny.lobez@sc.policja.gov.pl,+48 47 782 55 13,Komenda Powiatowa Policji,Komenda Powiatowa Policji w Łobzie,+48 47 782 55 11,lobez.policja.gov.pl
14.8790,52.9247,74-300,Myślibórz,,ul. Łużycka,21 A,kppmysliborz@sc.policja.gov.pl,+48 47 782 45 06,Komenda Powiatowa Policji,Komenda Powiatowa Policji w Myśliborzu,+48 47 782 45 05,mysliborz.policja.gov.pl
14.5650,53.5465,72-010,Police,,ul. Jana Kasprowicza,3,sekretariat.police@sc.policja.gov.pl ,+48 47 782 65 13,Komenda Powiatowa Policji,Komenda Powiatowa Policji w Policach,+48 47 782 65 11,police.policja.gov.pl
14.8852,53.1449,74-200,Pyrzyce,,ul.Tadeusza Kościuszki,24,komenda@pyrzyce.policja.gov.pl,+48 47 782 85 13,Komenda Powiatowa Policji,Komenda Powiatowa Policji w Pyrzycach,+48 47 782 85 11,pyrzyce.policja.gov.pl
16.6777,54.3495,76-100,Sławno,,ul. Polanowska,45 D,dyzurny.slawno@sc.policja.gov.pl,+48 47 784 35 04,Komenda Powiatowa Policji,Komenda Powiatowa Policji w Sławnie,+48 47 784 35 11,slawno.policja.gov.pl
15.0400,53.3325,73-110,Stargard,,ul. Warszawska,29,sekretariat.stargard@sc.policja.gov.pl,+48 47 782 95 08,Komenda Powiatowa Policji,Komenda Powiatowa Policji w Stargardzie,+48 47 782 95 05,stargard.policja.gov.pl
16.6768,53.7174,78-400,Szczecinek,,ul. Polna,25,rzecznik.szczecinek@sc.policja.gov.pl,+48 47 784 75 13,Komenda Powiatowa Policji,Komenda Powiatowa Policji w Szczecinku,+48 47 784 75 11,szczecinek.policja.gov.pl
15.7817,53.7721,78-300,Świdwin,,ul. Wojska Polskiego,18 A,sekretariat.swidwin@sc.policja.gov.pl,+48 47 784 45 13,Komenda Powiatowa Policji,Komenda Powiatowa Policji w Świdwinie,+48 47 784 45 11,swidwin.policja.gov.pl
16.4493,53.2642,78-600,Wałcz,,Al. Zdobywców Wału Pomorskiego ,90 A,sekretariat.walcz@sc.policja.gov.pl,+48 47 784 95 06,Komenda Powiatowa Policji,Komenda Powiatowa Policji w Wałczu,+48 47 784 95 05,walcz.policja.gov.pl
