__lon,__lat,addr:city,addr:housenumber,addr:postcode,addr:street,email,fax,name,official_name,phone,short_name,website
,,Warszawa,38,00-463,ul. Podchorążych,,+48 22 628 65 75,Komenda Główna Państwowej Straży Pożarnej,Komenda Główna Państwowej Straży Pożarnej w Warszawie,+48 22 523 35 10,KG PSP Warszawa,
,,Biała Podlaska,93,21-500,Sidorska,km_bialapodlaska@straz.lublin.pl,+48 83 344 72 27,Komenda Miejska Państwowej Straży Pożarnej,Komenda Miejska Państwowej Straży Pożarnej w Białej Podlaskiej,+48 83 344 72 51,KM PSP Biała Podlaska,https://strazbiala.pl/
,,Białystok,3,15-062,Warszawska,kmpspbk.sk@straz.bialystok.pl,+48 85 676 99 89,Komenda Miejska Państwowej Straży Pożarnej,Komenda Miejska Państwowej Straży Pożarnej w Białymstoku,,KM PSP Białystok,www.bialystok.straz.bialystok.pl
,,Bielsko Biała,43,43-300,Leszczyńska,pspbielsko@katowice.kwpsp.gov.pl,+48 33 822 83 10,Komenda Miejska Państwowej Straży Pożarnej,Komenda Miejska Państwowej Straży Pożarnej w False,+48 33 812 22 33,KM PSP Bielsko Biała,www.gov.pl/web/kmpsp-bielsko-biala
,,Bydgoszcz,4,85-158,Dąbrowskiego,kmpsp_bydgoszcz@kujawy.psp.gov.pl,+48 52 584 88 63,Komenda Miejska Państwowej Straży Pożarnej,Komenda Miejska Państwowej Straży Pożarnej w Bydgoszczy,+48 52 584 88 00,KM PSP Bydgoszcz,kmpspbydgoszcz.pl
,,Bytom,21,41-902,Łużycka,pspbytom@katowice.kwpsp.gov.pl,+48 32 388 76 18,Komenda Miejska Państwowej Straży Pożarnej,Komenda Miejska Państwowej Straży Pożarnej w Bytomiu,+48 32 388 76 00,KM PSP Bytom,https://www.gov.pl/web/kmpsp-bytom
,,Chełm,2b,22-100,Prym. S. Wyszyńskiego,km_chelm@straz.lublin.pl,+48 82 565 55 50,Komenda Miejska Państwowej Straży Pożarnej,Komenda Miejska Państwowej Straży Pożarnej w Chełmie,+48 82 565 34 28,KM PSP Chełm,www.strazchelm.pl
,,Chorzów,123,41-500,Katowicka,sekretariat@straz-chorzow.pl,+48 32 241 10 09,Komenda Miejska Państwowej Straży Pożarnej,Komenda Miejska Państwowej Straży Pożarnej w Chorzowie,+48 32 241 09 77,KM PSP Chorzów,https://www.gov.pl/web/kmpsp-chorzow
,,Częstochowa,82,42-202,ul. Gen. Wł.Sikorskiego/94,skkm@straz.czestochowa.pl,+48 34 361 49 93,Komenda Miejska Państwowej Straży Pożarnej,Komenda Miejska Państwowej Straży Pożarnej w Częstochowie,,KM PSP Częstochowa,www.straz.czestochowa.pl
,,Dąbrowa Górnicza,2,41-303,Podlesie,pspdabrowa@katowice.kwpsp.gov.pl,+48 32 264 28 25,Komenda Miejska Państwowej Straży Pożarnej,Komenda Miejska Państwowej Straży Pożarnej w Dąbrowie Górniczej,+48 32 264 76 94,KM PSP Dąbrowa Górnicza,www.gov.pl/web/kmpsp-dabrowa-gornicza
,,Elbląg,17,82-300,Gen. J. Bema,km.elblag@kwpsp.olsztyn.pl,+48 55 233 36 22,Komenda Miejska Państwowej Straży Pożarnej,Komenda Miejska Państwowej Straży Pożarnej w Elblągu,+48 55 641 30 00,KM PSP Elbląg,www.gov.pl/web/kmpsp-elblag
,,Gdańsk,7,80-382,Beniowskiego,sekretariat@kmpsp.gda.pl,+48 58 511 13 51,Komenda Miejska Państwowej Straży Pożarnej,Komenda Miejska Państwowej Straży Pożarnej w Gdańsku,+48 58 769 05 01,KM PSP Gdańsk,www.kmpsp.gda.pl
,,Gdynia,12,81-353,Władysława IV/14,sekretariat@kmpsp.gdynia.pl,+48 58 660 22 07,Komenda Miejska Państwowej Straży Pożarnej,Komenda Miejska Państwowej Straży Pożarnej w Gdyni,+48 58 660 23 00,KM PSP Gdynia,psp.seveo.pl
,,Gliwice,1,44-100,Wrocławska,kmpsp@kmpsp.gliwice.pl,+48 32 301 97 16,Komenda Miejska Państwowej Straży Pożarnej,Komenda Miejska Państwowej Straży Pożarnej w Gliwicach,+48 32 231 18 85,KM PSP Gliwice,https://www.gov.pl/web/kmpsp-gliwice
,,Gorzów Wielkopolski,3,66-400,Dąbrowskiego,kmpspgorzow@straz.gorzow.pl,+48 95 733 84 60,Komenda Miejska Państwowej Straży Pożarnej,Komenda Miejska Państwowej Straży Pożarnej w Gorzowie Wielkopolskim,+48 95 733 84 00,KM PSP Gorzów Wielkopolski,https://www.gov.pl/web/kmpsp-gorzow-wielkopolski
,,Grudziądz,25,86-300,Piłsudskiego/27,kmpsp_grudziadz@kujawy.psp.gov.pl,+48 56 450 66 30,Komenda Miejska Państwowej Straży Pożarnej,Komenda Miejska Państwowej Straży Pożarnej w Grudziądzu,+48 56 450 66 32,KM PSP Grudziądz,http://www.pspgrudziadz.pl
,,Jastrzębie Zdrój,4,44-330,Jagiełły,pspjastrzebie@katowice.kwpsp.gov.pl,+48 32 475 95 09,Komenda Miejska Państwowej Straży Pożarnej,Komenda Miejska Państwowej Straży Pożarnej w False,,KM PSP Jastrzębie Zdrój,www.gov.pl/kmpsp-jastrzebie-zdroj
,,Jaworzno,22,43-600,Krakowska,pspjaworzno@katowice.kwpsp.gov.pl,+48 32 751 87 10,Komenda Miejska Państwowej Straży Pożarnej,Komenda Miejska Państwowej Straży Pożarnej w Jaworznie,+48 32 751 87 10,KM PSP Jaworzno,https://www.gov.pl/web/kmpsp-jaworzno
,,Jelenia Góra,2,58-500,Sudecka,jeleniagora@kwpsp.wroc.pl,+48 75 764 74 96,Komenda Miejska Państwowej Straży Pożarnej,Komenda Miejska Państwowej Straży Pożarnej w Jeleniej Górze,+48 75 764 74 60,KM PSP Jelenia Góra,www.straz.jgora.pl
,,Kalisz,40,62-800,Nowy Swiat/42,km-kalisz@psp.wlkp.pl,+48 62 765 42 23,Komenda Miejska Państwowej Straży Pożarnej,Komenda Miejska Państwowej Straży Pożarnej w Kaliszu,,KM PSP Kalisz,www.kalisz.psp.wlkp.pl
,,Katowice,11,40-026,Wojewódzka,skkm@strazpozarna.katowice.pl,+48 32 358 37 08,Komenda Miejska Państwowej Straży Pożarnej,Komenda Miejska Państwowej Straży Pożarnej w Katowicach,+48 32 358 37 00,KM PSP Katowice,www.gov.pl/web/kmpsp-katowice/
,,Kielce,81,25-324,Sandomierska/83,km@straz.kielce.pl,+48 41 360 06 15,Komenda Miejska Państwowej Straży Pożarnej,Komenda Miejska Państwowej Straży Pożarnej w Kielcach,+48 41 369 30 10,KM PSP Kielce,www.gov.pl/web/kmpsp-kielce
,,Konin,7,62-510,Przemysłowa,kmpspkonin@psp.wlkp.pl,+48 63 249 98 13,Komenda Miejska Państwowej Straży Pożarnej,Komenda Miejska Państwowej Straży Pożarnej w Koninie,+48 47 771 79 00,KM PSP Konin,www.konin.psp.wlkp.pl
,,Koszalin,8,75-738,Strażacka,km.koszalin@szczecin.kwpsp.gov.pl,,Komenda Miejska Państwowej Straży Pożarnej,Komenda Miejska Państwowej Straży Pożarnej w Koszalinie,,KM PSP Koszalin,www.kmpsp.koszalin.pl
,,Kraków,19,31-033,Westerplatte,sekretariat1@psp.krakow.pl,+48 12 616 59 09,Komenda Miejska Państwowej Straży Pożarnej,Komenda Miejska Państwowej Straży Pożarnej w Krakowie,+48 12 616 83 00,KM PSP Kraków,https://www.gov.pl/web/kmpsp-krakow/
,,Krosno,6,38-402,Niepodległości,kmkrosno@podkarpacie.straz.pl,+48 13 436 71 10,Komenda Miejska Państwowej Straży Pożarnej,Komenda Miejska Państwowej Straży Pożarnej w Krośnie,+48 13 436 63 08,KM PSP Krosno,kmkrosno.itl.pl
,,Legnica,2,59-220,Witelona,legnica@kwpsp.wroc.pl,+48 76 856 74 75,Komenda Miejska Państwowej Straży Pożarnej,Komenda Miejska Państwowej Straży Pożarnej w Legnicy,,KM PSP Legnica,www.gov.pl/web/kmpsp-legnica
,,Leszno,19,64-100,Okrężna,kmpspleszno@psp.wlkp.pl,,Komenda Miejska Państwowej Straży Pożarnej,Komenda Miejska Państwowej Straży Pożarnej w Lesznie,,KM PSP Leszno,https://www.gov.pl/web/kmpsp-leszno
,,Lublin,6,20-012,Antoniego Szczerbowskiego,msk_lublin@straz.lublin.pl,+48 81 535 13 02,Komenda Miejska Państwowej Straży Pożarnej,Komenda Miejska Państwowej Straży Pożarnej w Lublinie,+48 81 535 13 20,KM PSP Lublin,kmpsp.lublin.pl
,,Łomża,48,18-400,gen. Władysława Sikorskiego/94,kmpsplo@straz.lomza.pl,+48 47 711 74 03,Komenda Miejska Państwowej Straży Pożarnej,Komenda Miejska Państwowej Straży Pożarnej w Łomży,+48 86 215 02 20,KM PSP Łomża,https://www.gov.pl/web/kmpsp-lomza/
,,Łódź,47,91-446,Zgierska,kmpsp07@straz.lodz.pl,+48 42 616 30 63,Komenda Miejska Państwowej Straży Pożarnej,Komenda Miejska Państwowej Straży Pożarnej w Łodzi,+48 42 616 30 00,KM PSP Łódź,https://www.gov.pl/web/kmpsp-lodz
,,Warszawa,1,00-622,Polna,kmwarszawa@mazowsze.straz.pl,+48 22 596 79 00,Komenda Miejska Państwowej Straży Pożarnej,Komenda Miejska Państwowej Straży Pożarnej w False,+48 22 596 73 00,KM PSP m. st. Warszawa,https://www.gov.pl/web/kmpsp-warszawa/
,,Mysłowice,50,41-400,Mikołowska M,skkm@myslowice.kmpsp.gov.pl,+48 32 316 00 39,Komenda Miejska Państwowej Straży Pożarnej,Komenda Miejska Państwowej Straży Pożarnej w Mysłowicach,,KM PSP Mysłowice,http://myslowice.kmpsp.gov.pl
,,Nowy Sącz,69,33-300,Wincentego Witosa,kppspnowysacz@straz.krakow.pl,+48 47 831 49 19,Komenda Miejska Państwowej Straży Pożarnej,Komenda Miejska Państwowej Straży Pożarnej w Nowym Sączu,+48 47 831 49 00,KM PSP Nowy Sącz,www.gov.pl/web/kmpsp-nowy-sacz
,,Olsztyn,16,10-045,Niepodległości,sekretariat@straz.olsztyn.pl,+48 89 522 92 09,Komenda Miejska Państwowej Straży Pożarnej,Komenda Miejska Państwowej Straży Pożarnej w Olsztynie,+48 89 522 92 00,KM PSP Olsztyn,www.gov.pl/web/kmpsp-olsztyn
,,Opole,24,45-315,Głogowska,opolersk@kmpsp.opole.pl,+48 77 400 20 31,Komenda Miejska Państwowej Straży Pożarnej,Komenda Miejska Państwowej Straży Pożarnej w Opolu,+48 77 400 20 00,KM PSP Opole,www.kmpsp.opole.pl
,,Ostrołęka,11,07-412,Celna,ostroleka@mazowsze.straz.pl,+48 29 760 59 06,Komenda Miejska Państwowej Straży Pożarnej,Komenda Miejska Państwowej Straży Pożarnej w Ostrołęce,+48 29 769 44 00,KM PSP Ostrołęka,www.gov.pl/kmpsp-ostroleka
,,Piekary Śląskie,14,41-940,Karola Miarki,sekretariat@kmpsppiekary.pl,+48 32 287 21 24,Komenda Miejska Państwowej Straży Pożarnej,Komenda Miejska Państwowej Straży Pożarnej w Piekarach Śląskich,,KM PSP Piekary Śląskie,https://www.gov.pl/web/kmpsp-piekary-slaskie
,,Piotrków Trybunalski,11,97-300,Jagiellońska,kmpsp12@straz.lodz.pl,+48 44 647 34 88,Komenda Miejska Państwowej Straży Pożarnej,Komenda Miejska Państwowej Straży Pożarnej w Piotrkowie Trybunalskim,+48 44 647 39 19,KM PSP Piotrków Trybunalski,https://www.gov.pl/web/kmpsp-piotrkow-trybunalski
,,Płock,1,09-402,Wyszogrodzka A,plock@mazowsze.straz.pl,+48 24 366 78 50,Komenda Miejska Państwowej Straży Pożarnej,Komenda Miejska Państwowej Straży Pożarnej w Płocku,+48 24 366 78 13,KM PSP Płock,
,,Poznań,6a,61-248,Bobrzańska,km-poznan@psp.wlkp.pl,,Komenda Miejska Państwowej Straży Pożarnej,Komenda Miejska Państwowej Straży Pożarnej w Poznaniu,,KM PSP Poznań,www.gov.pl/web/kmpsp-poznan
,,Przemyśl,1,37-700,Pl. Św. Floriana,kmprzemysl@podkarpacie.straz.pl,+48 16 676 46 02,Komenda Miejska Państwowej Straży Pożarnej,Komenda Miejska Państwowej Straży Pożarnej w Przemyślu,,KM PSP Przemyśl,www.przemysl.kmpsp.gov.pl
,,Radom,57,26-600,Romualda Traugutta,radom@mazowsze.straz.pl,,Komenda Miejska Państwowej Straży Pożarnej,Komenda Miejska Państwowej Straży Pożarnej w Radomiu,,KM PSP Radom,https://www.gov.pl/web/kmpsp-radom
,,Ruda Śląska,10,41-710,Strażacka,pspruda@katowice.kwpsp.gov.pl,+48 32 244 70 77,Komenda Miejska Państwowej Straży Pożarnej,Komenda Miejska Państwowej Straży Pożarnej w Rudzie Śląskiej,+48 32 244 70 60,KM PSP Ruda Śląska,https://www.gov.pl/web/kmpsp-ruda-slaska
,,Rybnik,4,44-200,Św. Józefa,psprybnik@katowice.kwpsp.gov.pl,+48 32 439 58 10,Komenda Miejska Państwowej Straży Pożarnej,Komenda Miejska Państwowej Straży Pożarnej w Rybniku,+48 32 439 58 00,KM PSP Rybnik,www.gov.pl/web/kmpsp-rybnik
,,Rzeszów,4,35-016,Maurycego Mochnackiego,kmrzeszow@podkarpacie.straz.pl,+48 17 852 35 40,Komenda Miejska Państwowej Straży Pożarnej,Komenda Miejska Państwowej Straży Pożarnej w Rzeszowie,+48 17 852 33 03,KM PSP Rzeszów,www.gov.pl/web/kmpsp-rzeszow
,,Siedlce,45,08-110,Czerwonego Krzyża,siedlce@mazowsze.straz.pl,+48 25 644 32 88,Komenda Miejska Państwowej Straży Pożarnej,Komenda Miejska Państwowej Straży Pożarnej w Siedlcach,+48 25 644 59 78,KM PSP Siedlce,www.gov.pl/web/kmpsp-siedlce
,,Siemianowice Śląskie,2,41-100,Pułaskiego,pspsiemianowice@siemianowice.kmpsp.gov.pl,+48 32 220 32 31,Komenda Miejska Państwowej Straży Pożarnej,Komenda Miejska Państwowej Straży Pożarnej w Siemianowicach Śląskich,+48 32 766 80 30,KM PSP Siemianowice Śląskie,https://www.gov.pl/web/kmpsp-siemianowice-slaskie
,,Skierniewice,4,96-100,Aleja Macieja Rataja,kmpsp17@straz.lodz.pl,+48 46 832 57 62,Komenda Miejska Państwowej Straży Pożarnej,Komenda Miejska Państwowej Straży Pożarnej w Skierniewicach,+48 46 833 36 11,KM PSP Skierniewice,https://www.gov.pl/web/kmpsp-skierniewice
,,Słupsk,2,76-200,Młyńska,msk.slupsk@straz.gda.pl,+48 59 841 71 92,Komenda Miejska Państwowej Straży Pożarnej,Komenda Miejska Państwowej Straży Pożarnej w Słupsku,+48 59 842 40 01,KM PSP Słupsk,https://www.gov.pl/web/kmpsp-slupsk
,,SOPOT,105,81-824,Armii Krajowej,msk.sopot@straz.gda.pl,+48 58 555 81 74,Komenda Miejska Państwowej Straży Pożarnej,Komenda Miejska Państwowej Straży Pożarnej w Sopocie,,KM PSP Sopot,https://www.gov.pl/web/kmpsp-sopot
,,Sosnowiec,21,41-200,Klimontowska,straz@sosnowiec.kmpsp.gov.pl,+48 32 363 18 42,Komenda Miejska Państwowej Straży Pożarnej,Komenda Miejska Państwowej Straży Pożarnej w Sosnowcu,+48 32 363 18 40,KM PSP Sosnowiec,www.sosnowiec.kmpsp.gov.pl
,,Suwałki,10,16-400,Witosa Wincentego,msk@kmpsp.suwalki.pl,+48 47 711 75 03,Komenda Miejska Państwowej Straży Pożarnej,Komenda Miejska Państwowej Straży Pożarnej w Suwałkach,+48 47 711 75 10,KM PSP Suwałki,www.straz.suwalki.pl
,,Szczecin,1,70-560,Grodzka/5,km.szczecin@szczecin.kwpsp.gov.pl,+48 91 434 85 00,Komenda Miejska Państwowej Straży Pożarnej,Komenda Miejska Państwowej Straży Pożarnej w Szczecinie,+48 91 434 84 00,KM PSP Szczecin,http://www.straz.szczecin.pl/index.htm
,,Świętochłowice,16,41-600,Harcerska,pspswietochlowice@katowice.kwpsp.gov.pl,+48 32 346 20 21,Komenda Miejska Państwowej Straży Pożarnej,Komenda Miejska Państwowej Straży Pożarnej w Świętochłowicach,+48 32 346 20 20,KM PSP Świętochłowice,https://www.gov.pl/web/kmpsp-swietochlowice/
,,Świnoujście,18,72-602,Norberta Barlickiego,km.swinoujscie@szczecin.kwpsp.gov.pl,+48 91 327 52 14,Komenda Miejska Państwowej Straży Pożarnej,Komenda Miejska Państwowej Straży Pożarnej w Świnoujściu,+48 91 327 52 10,KM PSP Świnoujście,kmpspswinoujscie.binp.info/kmpspswinoujscie/
,,Tarnobrzeg,3,39-400,Targowa,kmtarnobrzeg@podkarpacie.straz.pl,,Komenda Miejska Państwowej Straży Pożarnej,Komenda Miejska Państwowej Straży Pożarnej w Tarnobrzegu,+48 15 823 35 07,KM PSP Tarnobrzeg,https://www.gov.pl/web/kmpsp-tarnobrzeg
,,Tarnów,39,33-100,Klikowska,kmpsp@straz.tarnow.pl,+48 14 631 70 07,Komenda Miejska Państwowej Straży Pożarnej,Komenda Miejska Państwowej Straży Pożarnej w Tarnowie,+48 14 631 70 00,KM PSP Tarnów,www.straz.tarnow.pl
,,Toruń,70,87-100,Legionów/76,msk@straz.torun.pl,+48 56 659 71 13,Komenda Miejska Państwowej Straży Pożarnej,Komenda Miejska Państwowej Straży Pożarnej w Toruniu,+48 56 611 92 00,KM PSP Toruń,http://www.straz.torun.pl
,,Tychy,230,43-100,aleja Niepodległości,psptychy@katowice.kwpsp.gov.pl,+48 32 323 24 58,Komenda Miejska Państwowej Straży Pożarnej,Komenda Miejska Państwowej Straży Pożarnej w Tychach,+48 32 227 38 71,KM PSP Tychy,https://www.gov.pl/web/kmpsp-tychy
,,Wałbrzych,20,58-306,Ogrodowa,walbrzych@kwpsp.wroc.pl,+48 74 842 31 37,Komenda Miejska Państwowej Straży Pożarnej,Komenda Miejska Państwowej Straży Pożarnej w Wałbrzychu,+48 74 887 72 00,KM PSP Wałbrzych,www.straz.walbrzych.pl
,,Włocławek,1,87-800,Rolna,wloclawek@kujawy.psp.gov.pl,+48 54 230 65 13,Komenda Miejska Państwowej Straży Pożarnej,Komenda Miejska Państwowej Straży Pożarnej w Włocławku,+48 47 751 28 10,KM PSP Włocławek,www.gov.pl/kmpsp-wloclawek
,,Wrocław,28,50-233,Kręta,wroclaw@kwpsp.wroc.pl,+48 71 770 23 96,Komenda Miejska Państwowej Straży Pożarnej,Komenda Miejska Państwowej Straży Pożarnej w Wrocławiu,+48 71 356 34 31,KM PSP Wrocław,https://www.gov.pl/web/kmpsp-wroclaw
,,Zabrze,22,41-800,Stalmacha,straz@psp.zabrze.pl,+48 32 278 17 77,Komenda Miejska Państwowej Straży Pożarnej,Komenda Miejska Państwowej Straży Pożarnej w Zabrzu,+48 32 376 09 90,KM PSP Zabrze,www.gov.pl/web/kmpsp-zabrze
,,Zamość,62,22-400,Kilińskiego,km_zamosc@straz.zamosc.pl,+48 84 627 16 28,Komenda Miejska Państwowej Straży Pożarnej,Komenda Miejska Państwowej Straży Pożarnej w Zamościu,+48 84 680 74 10,KM PSP Zamość,http://www.straz.zamosc.pl
,,Zielona Góra,3,65-074,Jana Kasprowicza-5,sekretariat@straz.zgora.pl,+48 68 457 56 47,Komenda Miejska Państwowej Straży Pożarnej,Komenda Miejska Państwowej Straży Pożarnej w Zielonej Górze,+48 68 457 56 00,KM PSP Zielona Góra,www.straz.zgora.pl
,,Żory,10,44-240,Ogniowa,pspzory@katowice.kwpsp.gov.pl,+48 32 434 51 15,Komenda Miejska Państwowej Straży Pożarnej,Komenda Miejska Państwowej Straży Pożarnej w Żorach,+48 32 434 54 38,KM PSP Żory,https://www.gov.pl/web/kmpsp-zory
,,Aleksandrów Kujawski,2a,87-700,Halinowo,aleksandrow@kujawy.psp.gov.pl,+48 54 282 40 60,Komenda Powiatowa Państwowej Straży Pożarnej,Komenda Powiatowa Państwowej Straży Pożarnej w Aleksandrowie Kujawskim,+48 54 231 89 00,KP PSP Aleksandrów Kujawski,https://www.gov.pl/kppsp-aleksandrow-kujawski
,,Augustów,2,16-300,Brzostowskiego Karola,kppspau@straz.bialystok.pl,+48 47 711 80 03,Komenda Powiatowa Państwowej Straży Pożarnej,Komenda Powiatowa Państwowej Straży Pożarnej w Augustowie,+48 47 711 80 10,KP PSP Augustów,https://www.gov.pl/web/kppsp-augustow
,,Bartoszyce,36,11-200,Bema,kpbartoszyce@kwpsp.olsztyn.pl,+48 89 764 98 02,Komenda Powiatowa Państwowej Straży Pożarnej,Komenda Powiatowa Państwowej Straży Pożarnej w Bartoszycach,+48 89 764 98 00,KP PSP Bartoszyce,www.gov.pl/web/kppsp-bartoszyce
,,Bełchatów,7,97-400,Wspólna,kppsp01@straz.lodz.pl,+48 44 633 82 05,Komenda Powiatowa Państwowej Straży Pożarnej,Komenda Powiatowa Państwowej Straży Pożarnej w Bełchatowie,+48 44 633 82 00,KP PSP Bełchatów,https://www.gov.pl/web/kppsp-belchatow
,,Będzin,74,42-500,Modrzejowska,komenda@bedzin.kppsp.gov.pl,+48 32 294 45 46,Komenda Powiatowa Państwowej Straży Pożarnej,Komenda Powiatowa Państwowej Straży Pożarnej w Będzinie,+48 32 294 45 40,KP PSP Będzin,www.gov.pl/web/kppsp-bedzin/
,,Białobrzegi,4,26-800,Mikołaja Kopernika,bialobrzegi@mazowsze.straz.pl,,Komenda Powiatowa Państwowej Straży Pożarnej,Komenda Powiatowa Państwowej Straży Pożarnej w Białobrzegach,,KP PSP Białobrzegi,http://www.bialobrzegistraz.pl/
,,Białogard,1,78-200,Szosa Połczyńska,kp.bialogard@szczecin.kwpsp.gov.pl,+48 94 312 03 21,Komenda Powiatowa Państwowej Straży Pożarnej,Komenda Powiatowa Państwowej Straży Pożarnej w Białogardzie,+48 94 312 03 20,KP PSP Białogard,www.kppspbialogard.pl
,,Bielsk Podlaski,11,17-100,Poniatowskiego,kppspbp@straz.bialystok.pl,+48 47 711 80 59,Komenda Powiatowa Państwowej Straży Pożarnej,Komenda Powiatowa Państwowej Straży Pożarnej w Bielsku Podlaskim,+48 47 711 80 51,KP PSP Bielsk Podlaski,www.gov.pl/web/kppsp-bielsk-podlaski
,,Biłgoraj,10,23-400,Gen. H. Dąbrowskiego,kp_bilgoraj@straz.lublin.pl,+48 84 688 00 11,Komenda Powiatowa Państwowej Straży Pożarnej,Komenda Powiatowa Państwowej Straży Pożarnej w Biłgoraju,+48 84 688 00 10,KP PSP Biłgoraj,www.straz.lbl.pl
,,Bochnia,7,32-700,Poniatowskiego,kppspbochnia@straz.krakow.pl,+48 47 831 42 19,Komenda Powiatowa Państwowej Straży Pożarnej,Komenda Powiatowa Państwowej Straży Pożarnej w Bochni,+48 47 831 42 00,KP PSP Bochnia,gov.pl/web/kppsp-bochnia
,,Bolesławiec,2,59-700,Wesoła,boleslawiec@kwpsp.wroc.pl,+48 75 644 33 05,Komenda Powiatowa Państwowej Straży Pożarnej,Komenda Powiatowa Państwowej Straży Pożarnej w Bolesławcu,+48 75 644 33 00,KP PSP Bolesławiec,https://www.gov.pl/web/kppsp-boleslawiec
,,Braniewo,2,14-500,Plac Strażacki,skkp.braniewo@skkw.olsztyn.pl,+48 55 620 55 09,Komenda Powiatowa Państwowej Straży Pożarnej,Komenda Powiatowa Państwowej Straży Pożarnej w Braniewie,+48 55 620 55 03,KP PSP Braniewo,www.gov.pl/web/kppsp-braniewo
,,Brodnica,23,87-300,Sienkiewicza,kppsp_brodnica@kujawy.psp.gov.pl,+48 56 495 06 03,Komenda Powiatowa Państwowej Straży Pożarnej,Komenda Powiatowa Państwowej Straży Pożarnej w Brodnicy,+48 56 495 06 00,KP PSP Brodnica,straz.brodnica.pl
,,Brzeg,16,49-300,Saperska,sekretariat.brzeg@psp.opole.pl,+48 47 861 63 21,Komenda Powiatowa Państwowej Straży Pożarnej,Komenda Powiatowa Państwowej Straży Pożarnej w Brzegu,+48 47 861 63 01,KP PSP Brzeg,www.gov.pl/kppsp-brzeg
,,Brzesko,16,32-800,Solskiego,kppspbrzesko@straz.krakow.pl,+48 47 831 44 19,Komenda Powiatowa Państwowej Straży Pożarnej,Komenda Powiatowa Państwowej Straży Pożarnej w Brzesku,+48 47 831 44 00,KP PSP Brzesko,https://www.gov.pl/web/kppsp-brzesko
,,Brzeziny,55,95-060,Waryńskiego,kppsp02@straz.lodz.pl,+48 46 875 27 33,Komenda Powiatowa Państwowej Straży Pożarnej,Komenda Powiatowa Państwowej Straży Pożarnej w Brzezinach,+48 46 875 27 36,KP PSP Brzeziny,https://www.gov.pl/web/kppsp-brzeziny
,,Brzozów,1,36-200,Mickiewicza,kpbrzozow@podkarpacie.straz.pl,+48 13 434 40 00,Komenda Powiatowa Państwowej Straży Pożarnej,Komenda Powiatowa Państwowej Straży Pożarnej w Brzozowie,+48 13 434 11 41,KP PSP Brzozów,https://www.gov.pl/web/kppsp-brzozow
,,Busko Zdrój,29a,28-100,Waryńskiego,sekretariat@strazbusko.pl,+48 41 378 87 71,Komenda Powiatowa Państwowej Straży Pożarnej,Komenda Powiatowa Państwowej Straży Pożarnej w False,+48 41 378 20 43,KP PSP Busko Zdrój,https://www.gov.pl/web/kppsp-busko-zdroj/
,,Bytów,9,77-100,Gen. Józefa Wybickiego,psk.bytow@straz.gda.pl,+48 47 741 80 32,Komenda Powiatowa Państwowej Straży Pożarnej,Komenda Powiatowa Państwowej Straży Pożarnej w Bytowie,+48 47 741 80 03,KP PSP Bytów,https://www.gov.pl/web/kppsp-bytow
,,Chełmno,3a,86-200,Łunawska,kppsp_chelmno@kujawy.psp.gov.pl,+48 56 686 44 67,Komenda Powiatowa Państwowej Straży Pożarnej,Komenda Powiatowa Państwowej Straży Pożarnej w Chełmnie,+48 56 686 44 66,KP PSP Chełmno,https://www.gov.pl/web/kppsp-chelmno/
,,Chodzież,6,64-800,Marcinkowskiego,kppspchodziez@psp.wlkp.pl,+48 67 222 33 16,Komenda Powiatowa Państwowej Straży Pożarnej,Komenda Powiatowa Państwowej Straży Pożarnej w Chodzieży,+48 47 771 70 00,KP PSP Chodzież,www.chodziez.psp.wlkp.pl
,,Chojnice,51,89-600,Gdańska,sekretariat.chojnice@straz.gda.pl,+48 52 395 64 16,Komenda Powiatowa Państwowej Straży Pożarnej,Komenda Powiatowa Państwowej Straży Pożarnej w Chojnicach,+48 52 395 64 10,KP PSP Chojnice,https://www.gov.pl/web/kppsp-chojnice
,,Choszczno,6,73-200,Bolesława Chrobrego,kp.choszczno@szczecin.kwpsp.gov.pl,+48 95 768 98 18,Komenda Powiatowa Państwowej Straży Pożarnej,Komenda Powiatowa Państwowej Straży Pożarnej w Choszcznie,+48 95 768 98 00,KP PSP Choszczno,choszczno.straz.gov.pl
,,Chrzanów,3,32-500,Ks.Skorupki,kppspchrzanow@straz.krakow.pl,+48 47 831 45 19,Komenda Powiatowa Państwowej Straży Pożarnej,Komenda Powiatowa Państwowej Straży Pożarnej w Chrzanowie,+48 32 627 89 00,KP PSP Chrzanów,www.gov.pl/web/kppsp-chrzanow
,,Ciechanów,32,06-400,Płocka,ciechanow@mazowsze.straz.pl,+48 23 671 28 51,Komenda Powiatowa Państwowej Straży Pożarnej,Komenda Powiatowa Państwowej Straży Pożarnej w Ciechanowie,+48 23 672 48 81,KP PSP Ciechanów,https://www.gov.pl/web/kppsp-ciechanow
,,Cieszyn,16,43-400,Chemików,pspcieszyn@katowice.kwpsp.gov.pl,+48 33 852 27 60,Komenda Powiatowa Państwowej Straży Pożarnej,Komenda Powiatowa Państwowej Straży Pożarnej w Cieszynie,+48 33 852 11 06,KP PSP Cieszyn,kppsp.cieszyn.pl
,,Czarnków,1,64-700,Ogrodowa,kppspczarnkow@psp.wlkp.pl,+48 67 255 34 20,Komenda Powiatowa Państwowej Straży Pożarnej,Komenda Powiatowa Państwowej Straży Pożarnej w Czarnkowie,+48 47 771 71 00,KP PSP Czarnków,www.czarnkow.psp.wlkp.pl
,,Człuchów,10,77-300,Stefana Batorego,sekretariat@czluchow112.pl,+48 59 834 56 25,Komenda Powiatowa Państwowej Straży Pożarnej,Komenda Powiatowa Państwowej Straży Pożarnej w Człuchowie,+48 59 834 53 08,KP PSP Człuchów,https://www.gov.pl/web/kppsp-czluchow
,,Dąbrowa Tarnowska,20,33-200,Żabieńska,kppspdabrowa@straz.krakow.pl,+48 47 831 46 09,Komenda Powiatowa Państwowej Straży Pożarnej,Komenda Powiatowa Państwowej Straży Pożarnej w Dąbrowie Tarnowskiej,+48 47 831 46 00,KP PSP Dąbrowa Tarnowska,https://www.gov.pl/kppsp-dabrowa-tarnowska
,,Dębica,6a,39-200,Poddęby,kpdebica@podkarpacie.straz.pl,+48 14 683 26 22,Komenda Powiatowa Państwowej Straży Pożarnej,Komenda Powiatowa Państwowej Straży Pożarnej w Dębicy,+48 14 681 28 55,KP PSP Dębica,www.gov.pl/web/kppsp-debica
,,Drawsko Pomorskie,1,78-500,Plac Marii Konopnickiej,kp.drawsko@szczecin.kwpsp.gov.pl,+48 94 363 01 03,Komenda Powiatowa Państwowej Straży Pożarnej,Komenda Powiatowa Państwowej Straży Pożarnej w Drawsku Pomorskim,+48 94 363 20 61,KP PSP Drawsko Pomorskie,www.strazdrawsko.pl
,,Działdowo,10,13-200,Marii Curie Skłodowskiej,kpdzialdowo@kwpsp.olsztyn.pl,+48 23 697 05 15,Komenda Powiatowa Państwowej Straży Pożarnej,Komenda Powiatowa Państwowej Straży Pożarnej w Działdowie,+48 23 697 05 00,KP PSP Działdowo,www.gov.pl/web/kppsp-dzialdowo
,,Dzierżoniów,26,58-200,Piłsudskiego,dzierzoniow@kwpsp.wroc.pl,+48 74 832 53 93,Komenda Powiatowa Państwowej Straży Pożarnej,Komenda Powiatowa Państwowej Straży Pożarnej w Dzierżoniowie,+48 74 832 53 80,KP PSP Dzierżoniów,https://www.gov.pl/web/kppsp-dzierzoniow
,,Ełk,50,19-300,Suwalska,kpelk@kwpsp.olsztyn.pl,+48 87 621 71 25,Komenda Powiatowa Państwowej Straży Pożarnej,Komenda Powiatowa Państwowej Straży Pożarnej w Ełku,+48 87 621 71 00,KP PSP Ełk,www.gov.pl/web/kppsp-elk
,,Garwolin,2A,08-400,Targowa,garwolin@mazowsze.straz.pl,+48 25 682 42 26,Komenda Powiatowa Państwowej Straży Pożarnej,Komenda Powiatowa Państwowej Straży Pożarnej w Garwolinie,,KP PSP Garwolin,https://www.gov.pl/web/kppsp-garwolin
,,Giżycko,2,11-500,Białostocka,kpgizycko@kwpsp.olsztyn.pl,+48 87 429 91 05,Komenda Powiatowa Państwowej Straży Pożarnej,Komenda Powiatowa Państwowej Straży Pożarnej w Giżycku,+48 87 429 91 00,KP PSP Giżycko,www.gov.pl/web/kppsp-gizycko
,,Głogów,55,67-200,Sikorskiego,glogow@kwpsp.wroc.pl,+48 76 835 77 13,Komenda Powiatowa Państwowej Straży Pożarnej,Komenda Powiatowa Państwowej Straży Pożarnej w Głogowie,+48 76 835 77 14,KP PSP Głogów,https://www.gov.pl/web/kppsp-glogow
,,Głubczyce,4,48-100,Kołłątaja,sekretariat.glubczyce@psp.opole.pl,+48 47 861 64 03,Komenda Powiatowa Państwowej Straży Pożarnej,Komenda Powiatowa Państwowej Straży Pożarnej w Głubczycach,+48 47 861 64 00,KP PSP Głubczyce,https://www.gov.pl/web/kppsp-glubczyce
,,Gniezno,22,62-200,B.Chrobrego,kppspgniezno@psp.wlkp.pl,+48 61 222 06 38,Komenda Powiatowa Państwowej Straży Pożarnej,Komenda Powiatowa Państwowej Straży Pożarnej w Gnieźnie,,KP PSP Gniezno,www.gniezno.psp.wlkp.pl
,,Goleniów,8,72-100,Gen. Władysława Andersa,kp.goleniow@szczecin.kwpsp.gov.pl,+48 91 431 79 08,Komenda Powiatowa Państwowej Straży Pożarnej,Komenda Powiatowa Państwowej Straży Pożarnej w Goleniowie,+48 91 431 79 00,KP PSP Goleniów,www.straz.goleniow.pl
,,Golub-Dobrzyń,9,87-400,Lipnowska,golub-dobrzyn@kujawy.psp.gov.pl,+48 56 683 53 89,Komenda Powiatowa Państwowej Straży Pożarnej,Komenda Powiatowa Państwowej Straży Pożarnej w Golubiu-Dobrzyniu,+48 56 683 53 89,KP PSP Golub-Dobrzyń,https://www.gov.pl/kppsp-golub-dobrzyn
,,Gołdap,19,19-500,Wojska Polskiego,kpgoldap@kwpsp.olsztyn.pl,,Komenda Powiatowa Państwowej Straży Pożarnej,Komenda Powiatowa Państwowej Straży Pożarnej w Gołdapi,,KP PSP Gołdap,www.gov.pl/web/kppsp-goldap
,,Gorlice,84,38-300,11 Listopada,kppspgorlice@straz.krakow.pl,+48 18 354 93 05,Komenda Powiatowa Państwowej Straży Pożarnej,Komenda Powiatowa Państwowej Straży Pożarnej w Gorlicach,+48 18 354 93 00,KP PSP Gorlice,www.gov.pl/web/kppsp-gorlice
,,Gostynin,1,09-500,Przemysłowa,gostynin@mazowsze.straz.pl,+48 24 235 33 33,Komenda Powiatowa Państwowej Straży Pożarnej,Komenda Powiatowa Państwowej Straży Pożarnej w Gostyninie,+48 24 236 02 00,KP PSP Gostynin,https://www.gov.pl/web/kppsp-gostynin
,,Gostyń,247,63-800,Wrocławska,kppspgostyn@psp.wlkp.pl,+48 65 322 42 78,Komenda Powiatowa Państwowej Straży Pożarnej,Komenda Powiatowa Państwowej Straży Pożarnej w Gostyniu,+48 47 771 73 00,KP PSP Gostyń,http://www.gostyn.psp.wlkp.pl/
,,Góra,22,56-200,Wincentego Witosa,kpgora@kwpsp.wroc.pl,+48 65 544 20 62,Komenda Powiatowa Państwowej Straży Pożarnej,Komenda Powiatowa Państwowej Straży Pożarnej w Górze,+48 65 543 31 03,KP PSP Góra,https://www.gov.pl/web/kppsp-gora
,,Grajewo,74,19-203,Wojska Polskiego,kppspgr@straz.bialystok.pl,+48 47 711 81 03,Komenda Powiatowa Państwowej Straży Pożarnej,Komenda Powiatowa Państwowej Straży Pożarnej w Grajewie,+48 47 711 81 01,KP PSP Grajewo,https://www.gov.pl/web/kppsp-grajewo
,,Grodzisk Mazowiecki,7,05-825,Żydowska,grodziskpsp@mazowsze.straz.pl,+48 22 755 56 94,Komenda Powiatowa Państwowej Straży Pożarnej,Komenda Powiatowa Państwowej Straży Pożarnej w Grodzisku Mazowieckim,+48 22 755 52 37,KP PSP Grodzisk Mazowiecki,www.gov.pl/web/kppsp-grodzisk-mazowiecki
,,Grodzisk Wielkopolski,31,62-065,Rakoniewicka,kppspgrodzisk@psp.wlkp.pl,+48 47 771 74 04,Komenda Powiatowa Państwowej Straży Pożarnej,Komenda Powiatowa Państwowej Straży Pożarnej w Grodzisku Wielkopolskim,+48 47 771 74 00,KP PSP Grodzisk Wielkopolski,www.grodzisk.psp.wlkp.pl
,,Grójec,11,05-600,Strażacka,grojec@mazowsze.straz.pl,,Komenda Powiatowa Państwowej Straży Pożarnej,Komenda Powiatowa Państwowej Straży Pożarnej w Grójcu,,KP PSP Grójec,https://www.gov.pl/web/kppsp-grojec
,,Gryfice,25,72-300,3-Maja,kp.gryfice@szczecin.kwpsp.gov.pl,+48 91 384 77 31,Komenda Powiatowa Państwowej Straży Pożarnej,Komenda Powiatowa Państwowej Straży Pożarnej w Gryficach,+48 91 384 77 20,KP PSP Gryfice,www.straz.gryfice.pl
,,Gryfino,1,74-100,Łużycka,kp.gryfino@szczecin.kwpsp.gov.pl,+48 91 466 71 82,Komenda Powiatowa Państwowej Straży Pożarnej,Komenda Powiatowa Państwowej Straży Pożarnej w Gryfinie,+48 91 466 71 80,KP PSP Gryfino,kppspgryfino.pl
,,Hajnowka,4,17-200,11 Listopada,kpspsha@straz.bialystok.pl,+48 47 711 81 53,Komenda Powiatowa Państwowej Straży Pożarnej,Komenda Powiatowa Państwowej Straży Pożarnej w Hajnówce,+48 47 711 81 60,KP PSP Hajnówka,https://www.gov.pl/web/kppsp-hajnowka/
,,Hrubieszów,36,22-500,Gródecka,kp_hrubieszow@straz.lublin.pl,+48 84 696 25 89,Komenda Powiatowa Państwowej Straży Pożarnej,Komenda Powiatowa Państwowej Straży Pożarnej w Hrubieszowie,+48 84 696 26 55,KP PSP Hrubieszów,www.hrubieszow.kppsp.gov.pl
,,Iława,10,14-200,Kardynała Stefana Wyszyńskiego,skkp@kppsp.ilawa.pl,+48 89 644 95 03,Komenda Powiatowa Państwowej Straży Pożarnej,Komenda Powiatowa Państwowej Straży Pożarnej w Iławie,,KP PSP Iława,www.gov.pl/web/kppsp-ilawa
,,Inowrocław,133,88-100,Poznańska,inowroclaw@kujawy.psp.gov.pl,,Komenda Powiatowa Państwowej Straży Pożarnej,Komenda Powiatowa Państwowej Straży Pożarnej w Inowrocławiu,+48 52 357 50 21,KP PSP Inowrocław,https://www.gov.pl/web/kppsp-inowroclaw
,,Janów Lubelski,58,23-300,Piłsudskiego,kp_janowlubelski@staz.lublin.pl,+48 15 872 11 82,Komenda Powiatowa Państwowej Straży Pożarnej,Komenda Powiatowa Państwowej Straży Pożarnej w Janowie Lubelskim,+48 15 872 50 24,KP PSP Janów Lubelski,www.straz-janowlub.pl
,,Jarocin,2,63-200,Powstańców Wlkp.,kppspjarocin@psp.wlkp.pl,+48 47 771 75 18,Komenda Powiatowa Państwowej Straży Pożarnej,Komenda Powiatowa Państwowej Straży Pożarnej w Jarocinie,,KP PSP Jarocin,www.jarocin.psp.wlkp.pl
,,Jarosław,2,37-500,Morawska,kpjaroslaw@podkarpacie.straz.pl,+48 16 307 12 21,Komenda Powiatowa Państwowej Straży Pożarnej,Komenda Powiatowa Państwowej Straży Pożarnej w Jarosławiu,+48 16 307 12 00,KP PSP Jarosław,https://www.gov.pl/web/kppsp-jaroslaw
,,Jasło,33,38-200,Mickiewicza,kpjaslo@podkarpacie.straz.pl,+48 13 443 58 28,Komenda Powiatowa Państwowej Straży Pożarnej,Komenda Powiatowa Państwowej Straży Pożarnej w Jaśle,+48 13 443 58 00,KP PSP Jasło,https://www.gov.pl/web/kppsp-jaslo
,,Jawor,6,59-400,Kościuszki,jawor@kwpsp.wroc.pl,,Komenda Powiatowa Państwowej Straży Pożarnej,Komenda Powiatowa Państwowej Straży Pożarnej w Jaworze,+48 76 870 26 43,KP PSP Jawor,https://www.gov.pl/web/kppsp-jawor
,,Jędrzejów,5,28-300,Reymonta,jedrzejow@straz.kielce.pl,+48 41 386 52 02,Komenda Powiatowa Państwowej Straży Pożarnej,Komenda Powiatowa Państwowej Straży Pożarnej w Jędrzejowie,+48 41 386 18 95,KP PSP Jędrzejów,www.gov.pl/web/kppsp-jedrzejow/
,,Kamienna Góra,2c,58-400,Wałbrzyska,kamgora@kwpsp.wroc.pl,+48 75 744 77 00,Komenda Powiatowa Państwowej Straży Pożarnej,Komenda Powiatowa Państwowej Straży Pożarnej w Kamiennej Górze,,KP PSP Kamienna Góra,https://www.gov.pl/web/kppsp-kamienna-gora
,,Kamień Pomorski,7,72-400,Wolińska d,kp.kamien@szczecin.kwpsp.gov.pl,+48 91 382 01 32,Komenda Powiatowa Państwowej Straży Pożarnej,Komenda Powiatowa Państwowej Straży Pożarnej w Kamieniu Pomorskim,+48 91 327 56 10,KP PSP Kamień Pomorski,www.strazkamien.pl
,,KARTUZY,16a,83-300,3 Maja,psk.kartuzy@straz.gda.pl,+48 47 741 84 55,Komenda Powiatowa Państwowej Straży Pożarnej,Komenda Powiatowa Państwowej Straży Pożarnej w Kartuzach,+48 58 694 44 44,KP PSP Kartuzy,www.gov.pl/kppsp-kartuzy
,,Kazimierza Wielka,142,28-500,Kolejowa,kazimierza@straz.kielce.pl,+48 41 350 11 87,Komenda Powiatowa Państwowej Straży Pożarnej,Komenda Powiatowa Państwowej Straży Pożarnej w Kazimierzy Wielkiej,+48 41 352 11 19,KP PSP Kazimierza Wielka,https://www.gov.pl/web/kppsp-kazimierza-wielka/
,,Kędzierzyn-Koźle,12,47-200,Kraszewskiego,kozlesekret@psp.opole.pl,+48 47 861 65 14,Komenda Powiatowa Państwowej Straży Pożarnej,Komenda Powiatowa Państwowej Straży Pożarnej w Kędzierzynie-Koźlu,+48 47 861 65 10,KP PSP Kędzierzyn-Koźle,https://www.gov.pl/web/kppsp-kedzierzyn-kozle
,,Kępno,12,63-600,Broniewskiego,kppspkepno@psp.wlkp.pl,+48 62 332 43 38,Komenda Powiatowa Państwowej Straży Pożarnej,Komenda Powiatowa Państwowej Straży Pożarnej w Kępnie,+48 47 771 77 00,KP PSP Kępno,www.straz.kepno.com.pl
,,Kętrzyn,1a,11-400,Plac Słowiański,kpketrzyn@kwpsp.olsztyn.pl,+48 89 751 71 14,Komenda Powiatowa Państwowej Straży Pożarnej,Komenda Powiatowa Państwowej Straży Pożarnej w Kętrzynie,+48 89 751 71 16,KP PSP Kętrzyn,www.gov.pl/web/kppsp-ketrzyn
,,Kluczbork,1,46-200,Krakusa,kluczrsk@psp.opole.pl,+48 77 417 03 97,Komenda Powiatowa Państwowej Straży Pożarnej,Komenda Powiatowa Państwowej Straży Pożarnej w Kluczborku,,KP PSP Kluczbork,https://www.gov.pl/web/kppsp-kluczbork
,,Kłobuck,45,42-100,Częstochowska,psk@strazklobuck.pl,,Komenda Powiatowa Państwowej Straży Pożarnej,Komenda Powiatowa Państwowej Straży Pożarnej w Kłobucku,+48 34 317 22 13,KP PSP Kłobuck,https://www.gov.pl/web/kppsp-klobuck
,,Kłodzko,7,57-300,Traugutta,klodzko@kwpsp.wroc.pl,+48 74 865 72 03,Komenda Powiatowa Państwowej Straży Pożarnej,Komenda Powiatowa Państwowej Straży Pożarnej w Kłodzku,+48 74 865 72 00,KP PSP Kłodzko,www.gov.pl/web/kppsp-klodzko
,,Kolbuszowa,13,36-100,Piekarska,kpkolbuszowa@podkarpacie.straz.pl,+48 17 227 11 65,Komenda Powiatowa Państwowej Straży Pożarnej,Komenda Powiatowa Państwowej Straży Pożarnej w Kolbuszowej,,KP PSP Kolbuszowa,www.straz.kolbuszowa.pl
,,Kolno,3,18-500,Strażacka,kppspko@straz.bialystok.pl,+48 47 711 82 03,Komenda Powiatowa Państwowej Straży Pożarnej,Komenda Powiatowa Państwowej Straży Pożarnej w Kolnie,+48 47 711 82 10,KP PSP Kolno,www.gov.pl/web/kppsp-kolno
,,Koło,74,62-600,Toruńska,kp-kolo@psp.wlkp.pl,+48 63 223 42 78,Komenda Powiatowa Państwowej Straży Pożarnej,Komenda Powiatowa Państwowej Straży Pożarnej w Kole,+48 47 771 78 00,KP PSP Koło,www.kolo.psp.bip.net.pl
,,Kołobrzeg,12,78-100,Żurawia B,kp.kolobrzeg@szczecin.kwpsp.gov.pl,+48 94 355 14 42,Komenda Powiatowa Państwowej Straży Pożarnej,Komenda Powiatowa Państwowej Straży Pożarnej w Kołobrzegu,+48 94 355 14 35,KP PSP Kołobrzeg,www.psp.kolobrzeg.pl
,,Końskie,14,26-200,Strażacka,biuro@strazkonskie.pl,+48 41 201 04 20,Komenda Powiatowa Państwowej Straży Pożarnej,Komenda Powiatowa Państwowej Straży Pożarnej w Końskiem,+48 41 375 00 30,KP PSP Końskie,https://www.gov.pl/web/kppsp-konskie/
,,Kościan,5a,64-000,Bączkowskiego,kppspkoscian@psp.wlkp.pl,+48 65 322 42 97,Komenda Powiatowa Państwowej Straży Pożarnej,Komenda Powiatowa Państwowej Straży Pożarnej w Kościanie,+48 47 771 80 00,KP PSP Kościan,www.koscian.psp.wlkp.pl
,,Kościerzyna,6,83-400,Traugutta,psk.koscierzyna@straz.gda.pl,+48 58 686 41 97,Komenda Powiatowa Państwowej Straży Pożarnej,Komenda Powiatowa Państwowej Straży Pożarnej w Kościerzynie,+48 58 686 30 37,KP PSP Kościerzyna,https://www.gov.pl/web/kppsp-koscierzyna/
,,Kozienice,3,26-900,Nowy Świat,kozienice@mazowsze.straz.pl,,Komenda Powiatowa Państwowej Straży Pożarnej,Komenda Powiatowa Państwowej Straży Pożarnej w Kozienicach,,KP PSP Kozienice,https://www.gov.pl/web/kppsp-kozienice
,,Krapkowice,19,47-303,3 Maja,sekretariat.krapkowice@psp.opole.pl,+48 47 861 67 19,Komenda Powiatowa Państwowej Straży Pożarnej,Komenda Powiatowa Państwowej Straży Pożarnej w Krapkowicach,,KP PSP Krapkowice,www.gov.pl/web/kppsp-krapkowice
,,Krasnystaw,10,22-300,Poniatowskiego,kp_krasnystaw@straz.lublin.pl,,Komenda Powiatowa Państwowej Straży Pożarnej,Komenda Powiatowa Państwowej Straży Pożarnej w Krasnymstawie,+48 82 576 25 55,KP PSP Krasnystaw,www.straz.krasnystaw.pl
,,Kraśnik,1,23-200,Obwodowa,kp_krasnik@straz.lublin.pl,+48 81 826 41 57,Komenda Powiatowa Państwowej Straży Pożarnej,Komenda Powiatowa Państwowej Straży Pożarnej w Kraśniku,+48 81 825 22 81,KP PSP Kraśnik,www.straz.krasnik.pl
,,Krosno Odrzańskie,2a,66-600,Sienkiewicza,kppspkrosno@straz.gorzow.pl,+48 68 383 01 03,Komenda Powiatowa Państwowej Straży Pożarnej,Komenda Powiatowa Państwowej Straży Pożarnej w Krośnie Odrzańskim,+48 68 383 01 00,KP PSP Krosno Odrzańskie,https://www.gov.pl/web/kppsp-krosno-odrzanskie
,,Krotoszyn,29,63-700,Mickiewicza,kppspkrotoszyn@psp.wlkp.pl,+48 62 332 43 58,Komenda Powiatowa Państwowej Straży Pożarnej,Komenda Powiatowa Państwowej Straży Pożarnej w Krotoszynie,+48 47 771 81 00,KP PSP Krotoszyn,www.krotoszyn.psp.wlkp.pl
,,Kutno,7,99-300,1-go Maja,kppsp03@straz.lodz.pl,+48 24 251 00 75,Komenda Powiatowa Państwowej Straży Pożarnej,Komenda Powiatowa Państwowej Straży Pożarnej w Kutnie,+48 24 251 00 60,KP PSP Kutno,https://www.gov.pl/web/kppsp-kutno
,,Kwidzyn,3,82-500,Sportowa,sekretariat.kwidzyn@straz.gda.pl,+48 47 741 52 66,Komenda Powiatowa Państwowej Straży Pożarnej,Komenda Powiatowa Państwowej Straży Pożarnej w Kwidzynie,+48 47 741 52 64,KP PSP Kwidzyn,https://www.gov.pl/web/kppsp-kwidzyn
,,Legionowo,71A,05-120,Jagiellońska,legionowo@mazowsze.straz.pl,+48 22 774 28 88,Komenda Powiatowa Państwowej Straży Pożarnej,Komenda Powiatowa Państwowej Straży Pożarnej w Legionowie,+48 22 774 28 28,KP PSP Legionowo,https://www.gov.pl/web/kppsp-legionowo
,,Lesko,2,38-600,Jana Pawła II,kplesko@podkarpacie.straz.pl,+48 13 469 69 97,Komenda Powiatowa Państwowej Straży Pożarnej,Komenda Powiatowa Państwowej Straży Pożarnej w Lesku,,KP PSP Lesko,www.gov.pl/web/kppsp-lesko
,,Leżajsk,6,37-300,Opalińskiego,kplezajsk@podkarpacie.straz.pl,,Komenda Powiatowa Państwowej Straży Pożarnej,Komenda Powiatowa Państwowej Straży Pożarnej w Leżajsku,+48 17 424 14 59,KP PSP Leżajsk,https://www.gov.pl/web/kppsp-lezajsk
,,Lębork,37,84-300,Stryjewskiego,sekretariat.lebork@straz.gda.pl,+48 47 741 86 59,Komenda Powiatowa Państwowej Straży Pożarnej,Komenda Powiatowa Państwowej Straży Pożarnej w Lęborku,+48 59 863 33 66,KP PSP Lębork,https://www.gov.pl/web/kppsp-lebork
,,Lidzbark Warmiński,8,11-100,Olsztyńska,skkp.lidzbark@skkw.olsztyn.pl,+48 89 767 75 53,Komenda Powiatowa Państwowej Straży Pożarnej,Komenda Powiatowa Państwowej Straży Pożarnej w Lidzbarku Warmińskim,+48 89 767 75 50,KP PSP Lidzbark Warmiński,www.gov.pl/web/kppsp-lidzbark-warminski
,,Limanowa,43,34-600,Matki  Boskiej Bolesnej,kppsplimanowa@straz.krakow.pl,+48 47 831 47 09,Komenda Powiatowa Państwowej Straży Pożarnej,Komenda Powiatowa Państwowej Straży Pożarnej w Limanowej,+48 47 831 47 00,KP PSP Limanowa,www.kppsplimanowa.pl
,,Lipno,16a,87-600,Sportowa,kppsp_lipno@kujawy.psp.gov.pl,+48 54 288 65 77,Komenda Powiatowa Państwowej Straży Pożarnej,Komenda Powiatowa Państwowej Straży Pożarnej w Lipnie,+48 54 288 65 62,KP PSP Lipno,http://psplipno.internetdsl.pl
,,Lipsko,3,27-300,Partyzantów,lipsko@mazowsze.straz.pl,,Komenda Powiatowa Państwowej Straży Pożarnej,Komenda Powiatowa Państwowej Straży Pożarnej w Lipsku,,KP PSP Lipsko,https://www.gov.pl/web/kppsp-lipsko
,,Lubaczów,13,37-600,Sobieskiego,kplubaczow@podkarpacie.straz.pl,+48 16 632 50 21,Komenda Powiatowa Państwowej Straży Pożarnej,Komenda Powiatowa Państwowej Straży Pożarnej w Lubaczowie,+48 16 632 21 83,KP PSP Lubaczów,https://www.gov.pl/web/kppsp-lubaczow
,,Lubań,7,59-800,Podwale,kpluban@kwpsp.wroc.pl,,Komenda Powiatowa Państwowej Straży Pożarnej,Komenda Powiatowa Państwowej Straży Pożarnej w Lubaniu,+48 75 722 31 28,KP PSP Lubań,https://www.gov.pl/web/kppsp-luban
,,Lubartów,14,21-100,Jana Pawła II,psk@straz.lubartow.pl,,Komenda Powiatowa Państwowej Straży Pożarnej,Komenda Powiatowa Państwowej Straży Pożarnej w Lubartowie,+48 81 855 30 81,KP PSP Lubartów,www.straz.lubartow.pl
,,Lubin,21,59-300,Ścinawska,lubin@kwpsp.wroc.pl,+48 76 846 18 55,Komenda Powiatowa Państwowej Straży Pożarnej,Komenda Powiatowa Państwowej Straży Pożarnej w Lubinie,+48 76 846 18 40,KP PSP Lubin,https://www.gov.pl/web/kppsp-lubin/
,,Lubliniec,10,42-700,PCK,sekretariat@straz-lubliniec.pl,+48 34 351 07 32,Komenda Powiatowa Państwowej Straży Pożarnej,Komenda Powiatowa Państwowej Straży Pożarnej w Lublińcu,+48 34 351 07 30,KP PSP Lubliniec,https://www.gov.pl/web/kppsp-lubliniec
,,Lwówek Śląski,2,59-600,Sikorskiego,kplwowek@kwpsp.wroc.pl,,Komenda Powiatowa Państwowej Straży Pożarnej,Komenda Powiatowa Państwowej Straży Pożarnej w Lwówku Śląskim,+48 75 782 22 22,KP PSP Lwówek Śląski,www.gov.pl/web/kppsp-lwowek-slaski
,,Łańcut,68,37-100,Grunwaldzka,kplancut@podkarpacie.straz.pl,+48 17 225 40 03,Komenda Powiatowa Państwowej Straży Pożarnej,Komenda Powiatowa Państwowej Straży Pożarnej w Łańcucie,+48 69 448 87 02,KP PSP Łańcut,www.straz-lancut.pl/
,,Łask,2,98-100,Strażacka,kppsp04@straz.lodz.pl,+48 43 675 56 41,Komenda Powiatowa Państwowej Straży Pożarnej,Komenda Powiatowa Państwowej Straży Pożarnej w Łasku,+48 43 675 23 26,KP PSP Łask,https://www.gov.pl/web/kppsp-lask
,,Łęczna,18,21-010,Przemysłowa,kp_leczna@straz.lublin.pl,+48 81 752 75 24,Komenda Powiatowa Państwowej Straży Pożarnej,Komenda Powiatowa Państwowej Straży Pożarnej w Łęcznej,+48 81 752 75 20,KP PSP Łęczna,http://www.straz.leczna.pl/
,,Łęczyca,21E,99-100,Lotnicza,kppsp05@straz.lodz.pl,+48 24 721 26 32,Komenda Powiatowa Państwowej Straży Pożarnej,Komenda Powiatowa Państwowej Straży Pożarnej w Łęczycy,+48 24 721 26 32,KP PSP Łęczyca,https://www.gov.pl/web/kppsp-leczyca
,,Łobez,2,73-150,Przemysłowa,kp.lobez@szczecin.kwpsp.gov.pl,+48 91 397 09 55,Komenda Powiatowa Państwowej Straży Pożarnej,Komenda Powiatowa Państwowej Straży Pożarnej w Łobzie,+48 91 397 40 26,KP PSP Łobez,http://kppsp.lobez.ibip.pl
,,Łosice,2A,08-200,Kolejowa,losice@mazowsze.straz.pl,+48 83 357 22 43,Komenda Powiatowa Państwowej Straży Pożarnej,Komenda Powiatowa Państwowej Straży Pożarnej w Łosicach,+48 83 357 22 41,KP PSP Łosice,www.gov.pl/web/kppsp-losice
,,Łowicz,4,99-400,Seminaryjna,kppsp06@straz.lodz.pl,+48 46 837 69 29,Komenda Powiatowa Państwowej Straży Pożarnej,Komenda Powiatowa Państwowej Straży Pożarnej w Łowiczu,+48 46 830 25 50,KP PSP Łowicz,https://www.gov.pl/web/kppsp-lowicz
,,Łuków,6,21-400,Partyzantów,kp_lukow@straz.lublin.pl,+48 25 797 10 67,Komenda Powiatowa Państwowej Straży Pożarnej,Komenda Powiatowa Państwowej Straży Pożarnej w Łukowie,+48 25 798 20 87,KP PSP Łuków,
,,Maków Mazowiecki,6A,06-200,Moniuszki,makow@mazowsze.straz.pl,+48 29 717 11 37,Komenda Powiatowa Państwowej Straży Pożarnej,Komenda Powiatowa Państwowej Straży Pożarnej w Makowie Mazowieckim,+48 29 717 11 50,KP PSP Maków Mazowiecki,http://kppspmakowmaz.binp.info
,,Malbork,1,82-200,Józefa Wybickiego,psk.malbork@straz.gda.pl,+48 55 270 21 22,Komenda Powiatowa Państwowej Straży Pożarnej,Komenda Powiatowa Państwowej Straży Pożarnej w Malborku,+48 55 270 21 20,KP PSP Malbork,https://www.gov.pl/web/kppsp-malbork
,,Miechów,20,32-200,Racławicka,kppspmiechow@straz.krakow.pl,+48 47 831 71 09,Komenda Powiatowa Państwowej Straży Pożarnej,Komenda Powiatowa Państwowej Straży Pożarnej w Miechowie,+48 47 831 71 09,KP PSP Miechów,https://www.gov.pl/web/kppsp-miechow
,,Mielec,54,39-300,Sienkiewicza,kpmielec@podkarpacie.straz.pl,+48 17 780 09 73,Komenda Powiatowa Państwowej Straży Pożarnej,Komenda Powiatowa Państwowej Straży Pożarnej w Mielcu,+48 17 780 09 70,KP PSP Mielec,https://www.gov.pl/web/kppsp-mielec
,,Międzychód,4,64-400,Zewnętrzna,kppspmiedzychod@psp.wlkp.pl,+48 95 222 20 18,Komenda Powiatowa Państwowej Straży Pożarnej,Komenda Powiatowa Państwowej Straży Pożarnej w Międzychodzie,+48 47 771 83 00,KP PSP Międzychód,www.gov.pl/web/kppsp-miedzychod
,,Międzyrzecz,1,66-300,Rokitniańska,kppspmiedzyrzecz@straz.gorzow.pl,+48 95 742 66 31,Komenda Powiatowa Państwowej Straży Pożarnej,Komenda Powiatowa Państwowej Straży Pożarnej w Międzyrzeczu,+48 95 742 66 20,KP PSP Międzyrzecz,https://www.gov.pl/web/kppsp-miedzyrzecz/
,,Mikołów,7,43-190,Konstantego Prusa,pspmikolow@katowice.kwpsp.gov.pl,+48 32 326 23 11,Komenda Powiatowa Państwowej Straży Pożarnej,Komenda Powiatowa Państwowej Straży Pożarnej w Mikołowie,,KP PSP Mikołów,https://www.gov.pl/web/kppsp-mikolow
,,Milicz,3,56-300,Powstańców Wielkopolskich,kpmilicz@kwpsp.wroc.pl,+48 71 384 21 52,Komenda Powiatowa Państwowej Straży Pożarnej,Komenda Powiatowa Państwowej Straży Pożarnej w Miliczu,+48 71 384 13 38,KP PSP Milicz,https://www.gov.pl/web/kppsp-milicz
,,Mińsk Mazowiecki,120,05-300,Warszawska,minsk@mazowsze.straz.pl,+48 25 758 44 73,Komenda Powiatowa Państwowej Straży Pożarnej,Komenda Powiatowa Państwowej Straży Pożarnej w Mińsku Mazowieckim,+48 25 758 50 61,KP PSP Mińsk Mazowiecki,https://www.gov.pl/web/kppsp-minsk-mazowiecki
,,Mława,15,06-500,Padlewskiego,mlawa@mazowsze.straz.pl,+48 23 654 53 68,Komenda Powiatowa Państwowej Straży Pożarnej,Komenda Powiatowa Państwowej Straży Pożarnej w Mławie,+48 23 654 33 85,KP PSP Mława,https://www.gov.pl/web/kppsp-mlawa/
,,Mogilno,3,88-300,900 - lecia,kppsp_mogilno@kujawy.psp.gov.pl,+48 52 315 23 51,Komenda Powiatowa Państwowej Straży Pożarnej,Komenda Powiatowa Państwowej Straży Pożarnej w Mogilnie,+48 52 315 23 51,KP PSP Mogilno,http://pspmogilno.pl/
,,Mońki,18,19-100,Mickiewicza,kppspmo@straz.bialystok.pl,+48 47 711 82 59,Komenda Powiatowa Państwowej Straży Pożarnej,Komenda Powiatowa Państwowej Straży Pożarnej w Mońkach,+48 47 711 82 60,KP PSP Mońki,www.gov.pl/web/kppsp-monki
,,Mrągowo,2,11-700,Oficerska A,kpmragowo@kwpsp.olsztyn.pl,+48 89 741 05 11,Komenda Powiatowa Państwowej Straży Pożarnej,Komenda Powiatowa Państwowej Straży Pożarnej w Mrągowie,+48 89 741 05 00,KP PSP Mrągowo,www.gov.pl/web/kppsp-mragowo
,,Myszków,11,42-300,Jana Pawła II,pspmyszkow@katowice.kwpsp.gov.pl,+48 34 313 15 41,Komenda Powiatowa Państwowej Straży Pożarnej,Komenda Powiatowa Państwowej Straży Pożarnej w Myszkowie,,KP PSP Myszków,https://www.gov.pl/web/kppsp-myszkow
,,Myślenice,9,32-400,Przemysłowa,kppspmyslenice@straz.krakow.pl,+48 47 831 70 09,Komenda Powiatowa Państwowej Straży Pożarnej,Komenda Powiatowa Państwowej Straży Pożarnej w Myślenicach,+48 47 831 70 00,KP PSP Myślenice,https://www.gov.pl/web/kppsp-myslenice
,,Myślibórz,1B,74-300,Lipowa,kp.mysliborz@szczecin.kwpsp.gov.pl,,Komenda Powiatowa Państwowej Straży Pożarnej,Komenda Powiatowa Państwowej Straży Pożarnej w Myśliborzu,+48 95 747 20 96,KP PSP Myślibórz,https://www.gov.pl/web/kppsp-mysliborz
,,Nakło nad Notecią,3,89-100,Strażacka,kppsp_naklo@kujawy.psp.gov.pl,,Komenda Powiatowa Państwowej Straży Pożarnej,Komenda Powiatowa Państwowej Straży Pożarnej w Nakle nad Notecią,+48 47 751 37 01,KP PSP Nakło nad Notecią,www.gov.pl/web/kppsp-naklo
,,Namysłów,3,46-100,Pl. Powstańców Śląskich,sekretariatnamyslow@psp.opole.pl,+48 77 410 67 76,Komenda Powiatowa Państwowej Straży Pożarnej,Komenda Powiatowa Państwowej Straży Pożarnej w Namysłowie,+48 77 410 67 77,KP PSP Namysłów,www.gov.pl/kppsp-namyslow
,,Nidzica,9,13-100,Kolejowa,kpnidzica@kwpsp.olsztyn.pl,+48 89 625 04 13,Komenda Powiatowa Państwowej Straży Pożarnej,Komenda Powiatowa Państwowej Straży Pożarnej w Nidzicy,+48 89 625 04 00,KP PSP Nidzica,www.gov.pl/web/kppsp-nidzica
,,Nisko,42,37-400,Nowa,kpnisko@podkarpacie.straz.pl,+48 15 841 49 98,Komenda Powiatowa Państwowej Straży Pożarnej,Komenda Powiatowa Państwowej Straży Pożarnej w Nisku,+48 15 841 21 40,KP PSP Nisko,https://www.gov.pl/web/kppsp-nisko
,,Nowa Sól,65,67-100,Marszałka J.Piłsudskiego A,sekretariat@straz.nowasol.pl,+48 68 355 92 81,Komenda Powiatowa Państwowej Straży Pożarnej,Komenda Powiatowa Państwowej Straży Pożarnej w Nowej Sóli,+48 68 355 92 80,KP PSP Nowa Sól,www.straz.nowasol.pl
,,Nowe Miasto Lubawskie,5b,13-300,Szkolna,kpnmiastol@kwpsp.olsztyn.pl,+48 56 474 41 15,Komenda Powiatowa Państwowej Straży Pożarnej,Komenda Powiatowa Państwowej Straży Pożarnej w Nowym Mieście Lubawskim,+48 56 474 41 00,KP PSP Nowe Miasto Lubawskie,www.gov.pl/web/kppsp-nowe-miasto-lubawskie
,,Nowy Dwór Gdański,53,82-100,Warszawska,psk.nowydwor@straz.gda.pl,+48 55 246 00 63,Komenda Powiatowa Państwowej Straży Pożarnej,Komenda Powiatowa Państwowej Straży Pożarnej w Nowym Dworze Gdańskim,,KP PSP Nowy Dwór Gdański,https://www.gov.pl/web/kppsp-nowy-dwor-gdanski
,,Nowy Dwór Mazowiecki,1,05-100,Gospodarcza,ndwormaz@mazowsze.straz.pl,+48 22 775 88 98,Komenda Powiatowa Państwowej Straży Pożarnej,Komenda Powiatowa Państwowej Straży Pożarnej w Nowym Dworze Mazowieckim,+48 22 775 36 50,KP PSP Nowy Dwór Mazowiecki,www.gov.pl/web/kppsp-nowy-dwor-mazowiecki
,,Nowy Targ,3,34-400,Tadeusza Kościuszki,kppspnowytarg@straz.krakow.pl,+48 18 261 09 99,Komenda Powiatowa Państwowej Straży Pożarnej,Komenda Powiatowa Państwowej Straży Pożarnej w Nowym Targu,+48 18 261 09 80,KP PSP Nowy Targ,www.gov.pl/web/kppsp-nowy-targ
,,Nowy Tomyśl,,64-300,Powstanców Wlkp.2a,kppsptomysl@psp.wlkp.pl,+48 61 442 77 28,Komenda Powiatowa Państwowej Straży Pożarnej,Komenda Powiatowa Państwowej Straży Pożarnej w Nowym Tomyślu,+48 47 771 84 00,KP PSP Nowy Tomyśl,www.gov.pl/web/kppsp-nowy-tomysl
,,Nysa,5,48-300,Szopena,sekretariat@psp.nysa.pl,+48 47 861 69 00,Komenda Powiatowa Państwowej Straży Pożarnej,Komenda Powiatowa Państwowej Straży Pożarnej w Nysie,,KP PSP Nysa,www.gov.pl/web/kppsp-nysa
,,Oborniki,16,64-600,11 Listopada,kp-oborniki@psp.wlkp.pl,,Komenda Powiatowa Państwowej Straży Pożarnej,Komenda Powiatowa Państwowej Straży Pożarnej w Obornikach,+48 47 771 85 00,KP PSP Oborniki,kppsp-oborniki.pl
,,Olecko,27a,19-400,Kolejowa,kpolecko@kwpsp.olsztyn.pl,+48 87 520 71 05,Komenda Powiatowa Państwowej Straży Pożarnej,Komenda Powiatowa Państwowej Straży Pożarnej w Olecku,+48 87 520 71 00,KP PSP Olecko,www.gov.pl/web/kppsp-olecko
,,Olesno,1,46-300,Solny Rynek,pskol@psp.olesno.pl,+48 47 861 60 80,Komenda Powiatowa Państwowej Straży Pożarnej,Komenda Powiatowa Państwowej Straży Pożarnej w Oleśnie,,KP PSP Olesno,https://www.gov.pl/kppsp-olesno
,,Oleśnica,4,56-400,Kopernika,kpolesnica@kwpsp.wroc.pl,+48 71 314 70 25,Komenda Powiatowa Państwowej Straży Pożarnej,Komenda Powiatowa Państwowej Straży Pożarnej w Oleśnicy,+48 60 365 44 72,KP PSP Oleśnica,https://www.gov.pl/web/kppsp-olesnica
,,Olkusz,2c,32-300,1000-lecia,kppspolkusz@straz.krakow.pl,+48 32 754 77 21,Komenda Powiatowa Państwowej Straży Pożarnej,Komenda Powiatowa Państwowej Straży Pożarnej w Olkuszu,+48 32 641 40 08,KP PSP Olkusz,www.gov.pl/web/kppsp-olkusz
,,Oława,20,55-200,Ks. Franciszka Kutrowskiego,olawa@kwpsp.wroc.pl,+48 71 303 33 43,Komenda Powiatowa Państwowej Straży Pożarnej,Komenda Powiatowa Państwowej Straży Pożarnej w Oławie,+48 71 313 40 45,KP PSP Oława,www.straz.olawa.pl
,,Opatów,39,27-500,Kościuszki,opatow@straz.kielce.pl,+48 15 868 41 01,Komenda Powiatowa Państwowej Straży Pożarnej,Komenda Powiatowa Państwowej Straży Pożarnej w Opatowie,+48 15 868 20 71,KP PSP Opatów,https://www.gov.pl/web/kppsp-opatow/
,,Opoczno,1,26-300,Rolna,kppsp09@straz.lodz.pl,+48 44 645 32 18,Komenda Powiatowa Państwowej Straży Pożarnej,Komenda Powiatowa Państwowej Straży Pożarnej w Opocznie,+48 44 645 32 00,KP PSP Opoczno,https://www.gov.pl/web/kppsp-opoczno
,,Opole Lubelskie,25,24-300,Przemysłowa,kp_opolelubelskie@straz.lublin.pl,+48 81 827 36 38,Komenda Powiatowa Państwowej Straży Pożarnej,Komenda Powiatowa Państwowej Straży Pożarnej w Opolu Lubelskim,,KP PSP Opole Lubelskie,www.strazopolelubelskie.pl
,,Ostrowiec Świętokrzyski,32,27-400,Wardyńskiego,ostrowiec@straz.kielce.pl,+48 41 247 62 00,Komenda Powiatowa Państwowej Straży Pożarnej,Komenda Powiatowa Państwowej Straży Pożarnej w Ostrowcu Świętokrzyskim,+48 41 248 94 35,KP PSP Ostrowiec Świętokrzyski,www.gov.pl/web/kppsp-ostrowiec-swietokrzyski/
,,Ostróda,19,14-100,Jana Stapińskiego c,kpostroda@kwpsp.olsztyn.pl,+48 89 642 31 03,Komenda Powiatowa Państwowej Straży Pożarnej,Komenda Powiatowa Państwowej Straży Pożarnej w Ostródzie,+48 89 642 31 00,KP PSP Ostróda,www.gov.pl/web/kppsp-ostroda
,,Ostrów Mazowiecka,5,07-300,11 Listopada,ostrowmaz@mazowsze.straz.pl,+48 29 746 32 02,Komenda Powiatowa Państwowej Straży Pożarnej,Komenda Powiatowa Państwowej Straży Pożarnej w Ostrowi Mazowieckiej,+48 29 746 32 00,KP PSP Ostrów Mazowiecka,https://www.gov.pl/kppsp-ostrow-mazowiecka
,,Ostrów Wielkopolski,21,63-400,Stefana Batorego,kppspostrow@psp.wlkp.pl,+48 62 332 42 95,Komenda Powiatowa Państwowej Straży Pożarnej,Komenda Powiatowa Państwowej Straży Pożarnej w Ostrowie Wielkopolskim,,KP PSP Ostrów Wielkopolski,www.ostrow.psp.wlkp.pl
,,Ostrzeszów,9,63-500,Sportowa,kp-ostrzeszow@psp.wlkp.pl,,Komenda Powiatowa Państwowej Straży Pożarnej,Komenda Powiatowa Państwowej Straży Pożarnej w Ostrzeszowie,+48 47 771 87 00,KP PSP Ostrzeszów,http://www.gov.pl/web/kppsp-ostrzeszow
,,Oświęcim,2,32-600,Zatorska,kppsposwiecim@straz.krakow.pl,+48 33 844 89 99,Komenda Powiatowa Państwowej Straży Pożarnej,Komenda Powiatowa Państwowej Straży Pożarnej w Oświęcimiu,+48 47 831 79 11,KP PSP Oświęcim,www.psposwiecim.pl
,,Otwock,13,05-402,Mieszka I/15,otwock@mazowsze.straz.pl,+48 22 718 16 42,Komenda Powiatowa Państwowej Straży Pożarnej,Komenda Powiatowa Państwowej Straży Pożarnej w Otwocku,+48 22 718 16 20,KP PSP Otwock,www.gov.pl/kppsp-otwock
,,Pabianice,4,95-200,Kilińskiego,kppsp10@straz.lodz.pl,+48 42 225 43 23,Komenda Powiatowa Państwowej Straży Pożarnej,Komenda Powiatowa Państwowej Straży Pożarnej w Pabianicach,+48 42 225 43 00,KP PSP Pabianice,https://www.gov.pl/web/kppsp-pabianice
,,Pajęczno,1,98-330,Cmentarna,kppsp11@straz.lodz.pl,+48 34 311 42 02,Komenda Powiatowa Państwowej Straży Pożarnej,Komenda Powiatowa Państwowej Straży Pożarnej w Pajęcznie,+48 34 311 15 88,KP PSP Pajęczno,https://www.gov.pl/web/kppsp-pajeczno
,,Parczew,12,21-200,Piwonia,kp_parczew@straz.lublin.pl,+48 83 355 19 69,Komenda Powiatowa Państwowej Straży Pożarnej,Komenda Powiatowa Państwowej Straży Pożarnej w Parczewie,+48 83 355 19 54,KP PSP Parczew,kppsp.parczew.pl
,,Piaseczno,19,05-500,Staszica,piaseczno@mazowsze.straz.pl,+48 22 756 98 15,Komenda Powiatowa Państwowej Straży Pożarnej,Komenda Powiatowa Państwowej Straży Pożarnej w Piasecznie,+48 22 756 72 43,KP PSP Piaseczno,www.gov.pl/kppsp-piaseczno
,,Piła,1,64-920,Moniuszki,kppsppila@psp.wlkp.pl,+48 67 222 32 01,Komenda Powiatowa Państwowej Straży Pożarnej,Komenda Powiatowa Państwowej Straży Pożarnej w Pile,,KP PSP Piła,www.pila.psp.wlkp.pl
,,Pińczów,21,28-400,Przemysłowa,pinczow@straz.kielce.pl,+48 41 357 26 94,Komenda Powiatowa Państwowej Straży Pożarnej,Komenda Powiatowa Państwowej Straży Pożarnej w Pińczowie,+48 41 357 22 47,KP PSP Pińczów,www.gov.pl/web/kppsp-pinczow
,,Pisz.,40a,12-200,Olsztyńska,kppisz@kwpsp.olsztyn.pl,+48 87 425 41 39,Komenda Powiatowa Państwowej Straży Pożarnej,Komenda Powiatowa Państwowej Straży Pożarnej w Piszu,+48 87 425 41 04,KP PSP Pisz,www.gov.pl/web/kppsp-pisz
,,Pleszew,19,63-300,Słowackiego,kppsppleszew@psp.wlkp.pl,+48 62 508 05 85,Komenda Powiatowa Państwowej Straży Pożarnej,Komenda Powiatowa Państwowej Straży Pożarnej w Pleszewie,+48 47 771 89 00,KP PSP Pleszew,www.pleszew.psp.wlkp.pl
,,Płońsk,9,09-100,Henryka Sienkiewicza,plonsk@mazowsze.straz.pl,+48 23 653 30 04,Komenda Powiatowa Państwowej Straży Pożarnej,Komenda Powiatowa Państwowej Straży Pożarnej w Płońsku,+48 23 652 75 98,KP PSP Płońsk,https://www.gov.pl/web/kppsp-plonsk
,,Poddębice,3,99-200,Narutowicza,kppsp13@straz.lodz.pl,+48 43 678 75 04,Komenda Powiatowa Państwowej Straży Pożarnej,Komenda Powiatowa Państwowej Straży Pożarnej w Poddębicach,+48 43 678 75 00,KP PSP Poddębice,https://www.gov.pl/web/kppsp-poddebice
,,Police,4a,72-010,Tanowska,kp.police@szczecin.kwpsp.gov.pl,+48 91 431 68 03,Komenda Powiatowa Państwowej Straży Pożarnej,Komenda Powiatowa Państwowej Straży Pożarnej w Policach,+48 91 431 68 10,KP PSP Police,www.gov.pl/web/kppsp-police
,,Polkowice,3,59-100,Polna,kppolkowice@kwpsp.wroc.pl,+48 76 724 99 14,Komenda Powiatowa Państwowej Straży Pożarnej,Komenda Powiatowa Państwowej Straży Pożarnej w Polkowicach,+48 76 724 99 00,KP PSP Polkowice,https://www.gov.pl/web/kppsp-polkowice
,,Proszowice,140,32-100,3-go Maja,kppspproszowice@straz.krakow.pl,+48 12 385 31 68,Komenda Powiatowa Państwowej Straży Pożarnej,Komenda Powiatowa Państwowej Straży Pożarnej w Proszowicach,+48 12 385 31 60,KP PSP Proszowice,www.gov.pl/web/kppsp-proszowice
,,Prudnik,12a,48-200,Legionów,sekretariat.prudnik@psp.opole.pl,+48 47 861 61 81,Komenda Powiatowa Państwowej Straży Pożarnej,Komenda Powiatowa Państwowej Straży Pożarnej w Prudniku,+48 47 861 61 00,KP PSP Prudnik,https://www.gov.pl/web/kppsp-prudnik
,,Pruszcz Gdański,1a,83-000,Gdańska,pruszcz@straz.gda.pl,+48 58 682 23 22,Komenda Powiatowa Państwowej Straży Pożarnej,Komenda Powiatowa Państwowej Straży Pożarnej w Pruszczu Gdańskim,+48 58 682 30 24,KP PSP Pruszcz Gdański,kppsppruszcz.bip.gov.pl
,,Pruszków,4,05-800,Stanisława Staszica,pruszkow@mazowsze.straz.pl,+48 22 759 84 25,Komenda Powiatowa Państwowej Straży Pożarnej,Komenda Powiatowa Państwowej Straży Pożarnej w Pruszkowie,+48 22 758 72 16,KP PSP Pruszków,https://www.gov.pl/web/kppsp-pruszkow/
,,Przasnysz,44,06-300,Baranowska,przasnysz@mazowsze.straz.pl,+48 29 756 36 72,Komenda Powiatowa Państwowej Straży Pożarnej,Komenda Powiatowa Państwowej Straży Pożarnej w Przasnyszu,+48 29 752 24 45,KP PSP Przasnysz,www.gov.pl/web/kppsp-przasnysz
,,Przeworsk,7,37-200,Ignacego Krasickiego,kpprzeworsk@podkarpacie.straz.pl,+48 16 649 01 70,Komenda Powiatowa Państwowej Straży Pożarnej,Komenda Powiatowa Państwowej Straży Pożarnej w Przeworsku,+48 16 648 77 81,KP PSP Przeworsk,www.przeworsk.info
,,Przysucha,3,26-400,Targowa,przysucha@mazowsze.straz.pl,,Komenda Powiatowa Państwowej Straży Pożarnej,Komenda Powiatowa Państwowej Straży Pożarnej w Przysusze,,KP PSP Przysucha,https://www.gov.pl/web/kppsp-przysucha
,,Pszczyna,7,43-200,Górnośląska,straz1221@pszczyna.kppsp.gov.pl,+48 32 449 37 22,Komenda Powiatowa Państwowej Straży Pożarnej,Komenda Powiatowa Państwowej Straży Pożarnej w Pszczynie,+48 32 449 37 00,KP PSP Pszczyna,www.pszczyna.kppsp.gov.pl
,,Puck,11,84-100,Mestwina,sekretariat.puck@straz.gda.pl,+48 58 673 04 53,Komenda Powiatowa Państwowej Straży Pożarnej,Komenda Powiatowa Państwowej Straży Pożarnej w Pucku,+48 58 673 04 51,KP PSP Puck,www.gov.pl/web/kppsp-puck/
,,Puławy,51,24-100,Lubelska,kp_pulawy@straz.lublin.pl,+48 81 888 65 96,Komenda Powiatowa Państwowej Straży Pożarnej,Komenda Powiatowa Państwowej Straży Pożarnej w Puławach,+48 81 886 34 47,KP PSP Puławy,www.straz.pulawy.pl
,,Pułtusk,19,06-100,Daszyńskiego,pultusk@mazowsze.straz.pl,+48 23 692 00 06,Komenda Powiatowa Państwowej Straży Pożarnej,Komenda Powiatowa Państwowej Straży Pożarnej w Pułtusku,+48 23 692 17 22,KP PSP Pułtusk,https://www.gov.pl/web/kppsp-pultusk
,,Pyrzyce,29,74-200,Stargardzka,kp.pyrzyce@szczecin.kwpsp.gov.pl,,Komenda Powiatowa Państwowej Straży Pożarnej,Komenda Powiatowa Państwowej Straży Pożarnej w Pyrzycach,+48 91 570 05 55,KP PSP Pyrzyce,http://strazpyrzyce.xon.pl/joomla/
,,Racibórz,8,47-400,Władysława Reymonta,info@raciborz.kppsp.gov.pl,+48 32 415 44 44,Komenda Powiatowa Państwowej Straży Pożarnej,Komenda Powiatowa Państwowej Straży Pożarnej w Raciborzu,,KP PSP Racibórz,https://www.gov.pl/web/kppsp-raciborz
,,Radomsko,19,97-500,Żeromskiego,kppsp14@straz.lodz.pl,+48 44 685 94 10,Komenda Powiatowa Państwowej Straży Pożarnej,Komenda Powiatowa Państwowej Straży Pożarnej w Radomsku,+48 44 685 94 00,KP PSP Radomsko,https://www.gov.pl/web/kppsp-radomsko
,,Radziejów,17,88-200,Szpitalna,radziejow@kujawy.psp.gov.pl,,Komenda Powiatowa Państwowej Straży Pożarnej,Komenda Powiatowa Państwowej Straży Pożarnej w Radziejowie,+48 47 751 38 10,KP PSP Radziejów,gov.pl/kppsp-radziejow
,,Radzyń Podlaski,1,21-300,Pomiarowa,kp_radzyn@straz.lublin.pl,+48 83 352 77 66,Komenda Powiatowa Państwowej Straży Pożarnej,Komenda Powiatowa Państwowej Straży Pożarnej w Radzyniu Podlaskim,+48 83 352 77 68,KP PSP Radzyń Podlaski,kppspradzyn.pl
,,Rawa Mazowiecka,2A,96-200,Przemysłowa,kppsp15@straz.lodz.pl,+48 46 814 40 28,Komenda Powiatowa Państwowej Straży Pożarnej,Komenda Powiatowa Państwowej Straży Pożarnej w Rawie Mazowieckiej,+48 46 814 40 27,KP PSP Rawa Mazowiecka,https://www.gov.pl/web/kppsp-rawa-mazowiecka
,,Rawicz,13,63-900,Scherwentkego,kppsprawicz@psp.wlkp.pl,+48 65 322 43 18,Komenda Powiatowa Państwowej Straży Pożarnej,Komenda Powiatowa Państwowej Straży Pożarnej w Rawiczu,+48 47 771 90 00,KP PSP Rawicz,www.rawicz.psp.wlkp.pl
,,Ropczyce,6,39-100,Św. Floriana,kpropczyce@podkarpacie.straz.pl,+48 17 222 75 72,Komenda Powiatowa Państwowej Straży Pożarnej,Komenda Powiatowa Państwowej Straży Pożarnej w Ropczycach,+48 17 221 84 67,KP PSP Ropczyce,www.gov.pl/web/kppsp-ropczyce
,,Ryki,25,08-500,Warszawska,kp_ryki@straz.lublin.pl,+48 81 865 61 61,Komenda Powiatowa Państwowej Straży Pożarnej,Komenda Powiatowa Państwowej Straży Pożarnej w Rykach,+48 81 865 20 20,KP PSP Ryki,strazryki.pl
,,Rypin,4,87-500,Strażacka,kppsp_rypin@kujawy.psp.gov.pl,,Komenda Powiatowa Państwowej Straży Pożarnej,Komenda Powiatowa Państwowej Straży Pożarnej w Rypinie,+48 54 280 91 41,KP PSP Rypin,https://www.gov.pl/web/kppsp-rypin
,,Sandomierz,61,27-600,Adama Mickiewicza,sandomierz@straz.kielce.pl,,Komenda Powiatowa Państwowej Straży Pożarnej,Komenda Powiatowa Państwowej Straży Pożarnej w Sandomierzu,+48 50 409 93 76,KP PSP Sandomierz,https://www.gov.pl/web/kppsp-sandomierz
,,Sanok,60,38-500,Wincentego Witosa,kpsanok@podkarpacie.straz.pl,+48 13 465 89 10,Komenda Powiatowa Państwowej Straży Pożarnej,Komenda Powiatowa Państwowej Straży Pożarnej w Sanoku,,KP PSP Sanok,www.gov.pl/web/kppsp-sanok
,,Sejny,2,16-500,Strażacka,kppspse@straz.bialystok.pl,+48 47 711 83 09,Komenda Powiatowa Państwowej Straży Pożarnej,Komenda Powiatowa Państwowej Straży Pożarnej w Sejnach,+48 47 711 83 10,KP PSP Sejny,http://www.gov.pl/web/kppsp-sejny
,,Sępólno Krajeńskie,54,89-400,Sienkiewicza,sepolno@kujawy.psp.gov.pl,,Komenda Powiatowa Państwowej Straży Pożarnej,Komenda Powiatowa Państwowej Straży Pożarnej w False,+48 52 388 83 50,KP PSP Sępólno Krajenskie,sepolno.kujawy.psp.gov.pl
,,Siemiatycze,31,17-300,11-go Listopada,kppspsi@straz.bialystok.pl,+48 47 711 83 59,Komenda Powiatowa Państwowej Straży Pożarnej,Komenda Powiatowa Państwowej Straży Pożarnej w Siemiatyczach,+48 47 711 83 60,KP PSP Siemiatycze,www.gov.pl/web/kppsp-siemiatycze
,,Sieradz,1,98-200,"T. Grzesika, R. Piwnika",kppsp16@straz.lodz.pl,+48 43 827 98 24,Komenda Powiatowa Państwowej Straży Pożarnej,Komenda Powiatowa Państwowej Straży Pożarnej w Sieradzu,+48 43 828 10 63,KP PSP Sieradz,https://www.gov.pl/web/kppsp-sieradz
,,Sierpc,2,09-200,Przemysłowa,sierpc@mazowsze.straz.pl,+48 24 275 29 33,Komenda Powiatowa Państwowej Straży Pożarnej,Komenda Powiatowa Państwowej Straży Pożarnej w Sierpcu,,KP PSP Sierpc,https://www.gov.pl/web/kppsp-sierpc
,,Skarżysko-Kamienna,101,26-110,1 Maja,skarzysko@straz.kielce.pl,+48 41 251 63 31,Komenda Powiatowa Państwowej Straży Pożarnej,Komenda Powiatowa Państwowej Straży Pożarnej w False,+48 47 801 85 24,KP PSP Skarżysko Kamienna,https://www.gov.pl/web/kppsp-skarzysko-kamienna/
,,Sławno,19,76-100,Wojska Polskiego,kp.slawno@szczecin.kwpsp.gov.pl,+48 59 810 30 08,Komenda Powiatowa Państwowej Straży Pożarnej,Komenda Powiatowa Państwowej Straży Pożarnej w Sławnie,+48 59 810 30 08,KP PSP Sławno,www.kppspslawno.pl
,,Słubice,3,69-100,Konstytucji Maja,kppspslubice@straz.gorzow.pl,+48 95 758 09 03,Komenda Powiatowa Państwowej Straży Pożarnej,Komenda Powiatowa Państwowej Straży Pożarnej w Słubicach,+48 95 750 76 00,KP PSP Słubice,www.gov.pl/web/kppsp-slubice
,,Słupca,1,62-400,Ratajczaka,kppspslupca@psp.wlkp.pl,+48 47 771 91 99,Komenda Powiatowa Państwowej Straży Pożarnej,Komenda Powiatowa Państwowej Straży Pożarnej w Słupcy,+48 47 771 91 00,KP PSP Słupca,www.slupca.psp.wlkp.pl
,,Sochaczew,7,96-500,Stanisława Staszica,sochaczew@mazowsze.straz.pl,+48 46 862 30 94,Komenda Powiatowa Państwowej Straży Pożarnej,Komenda Powiatowa Państwowej Straży Pożarnej w Sochaczewie,+48 46 862 29 26,KP PSP Sochaczew,www.kppspsochaczew.pl
,,Sokołów Podlaski,21,08-300,Kolejowa,sokolow@mazowsze.straz.pl,+48 25 781 26 41,Komenda Powiatowa Państwowej Straży Pożarnej,Komenda Powiatowa Państwowej Straży Pożarnej w Sokołowie Podlaskim,+48 60 695 67 60,KP PSP Sokołów Podlaski,https://www.gov.pl/web/kppsp-sokolow-podlaski
,,Sokółka,4,16-100,Plac Kościuszki,kppspso@straz.bialystok.pl,+48 47 711 84 03,Komenda Powiatowa Państwowej Straży Pożarnej,Komenda Powiatowa Państwowej Straży Pożarnej w Sokółce,+48 85 722 99 00,KP PSP Sokółka,www.gov.pl/web/kppsp-sokolka
,,Stalowa Wola,27,37-450,Jana Pawła II,kpstwola@podkarpacie.straz.pl,+48 15 810 90 76,Komenda Powiatowa Państwowej Straży Pożarnej,Komenda Powiatowa Państwowej Straży Pożarnej w Stalowej Woli,+48 15 842 65 11,KP PSP Stalowa Wola,https://www.gov.pl/web/kppsp-stalowa-wola
,,Starachowice,29,27-200,Aleja Armii Krajowej,starachowice@straz.kielce.pl,+48 41 274 53 88,Komenda Powiatowa Państwowej Straży Pożarnej,Komenda Powiatowa Państwowej Straży Pożarnej w Starachowicach,+48 41 274 53 89,KP PSP Starachowice,www.gov.pl/web/kppsp-starachowice
,,Stargard,21,73-110,Księcia Bogusława IV nr,kp.stargard@szczecin.kwpsp.gov.pl,+48 91 578 87 66,Komenda Powiatowa Państwowej Straży Pożarnej,Komenda Powiatowa Państwowej Straży Pożarnej w Stargardzie,+48 91 578 87 50,KP PSP Stargard,www.straz.stargard.com.pl
,,Starogard Gdański,1,83-200,Lubichowska,sekretariat.starogard@straz.gda.pl,+48 58 560 15 19,Komenda Powiatowa Państwowej Straży Pożarnej,Komenda Powiatowa Państwowej Straży Pożarnej w Starogardzie Gdańskim,+48 58 562 30 11,KP PSP Starogard Gdański,www.gov.pl/web/kppsp-starogard-gdanski
,,Staszów,4,28-200,Parkowa,staszow@straz.kielce.pl,,Komenda Powiatowa Państwowej Straży Pożarnej,Komenda Powiatowa Państwowej Straży Pożarnej w Staszowie,+48 15 864 21 08,KP PSP Staszów,https://www.gov.pl/web/kppsp-staszow/
,,Strzelce Krajeńskie,7,66-500,Wyzwolenia,kppspstrzelce@straz.gorzow.pl,+48 95 763 96 70,Komenda Powiatowa Państwowej Straży Pożarnej,Komenda Powiatowa Państwowej Straży Pożarnej w Strzelcach Krajeńskich,+48 95 763 96 71,KP PSP Strzelce Krajeńskie,https://www.gov.pl/web/kppsp-strzelce-krajenskie
,,Strzelce Opolskie,1,47-100,Zakładowa,strzelcersk@psp.opole.pl,+48 77 404 99 10,Komenda Powiatowa Państwowej Straży Pożarnej,Komenda Powiatowa Państwowej Straży Pożarnej w Strzelcach Opolskich,+48 77 404 99 00,KP PSP Strzelce Opolskie,https://www.pspstrzelceop.pl/
,,Strzelin,3,57-100,Marii Konopnickiej,strzelin@kwpsp.wroc.pl,+48 71 392 36 18,Komenda Powiatowa Państwowej Straży Pożarnej,Komenda Powiatowa Państwowej Straży Pożarnej w Strzelinie,+48 71 392 15 55,KP PSP Strzelin,https://www.gov.pl/web/kppsp-strzelin
,,Strzyżów,20,38-100,Sportowa,kpstrzyzow@podkarpacie.straz.pl,+48 17 276 12 40,Komenda Powiatowa Państwowej Straży Pożarnej,Komenda Powiatowa Państwowej Straży Pożarnej w Strzyżowie,+48 17 276 10 01,KP PSP Strzyżów,https://www.gov.pl/web/kppsp-strzyzow
,,Sucha Beskidzka,26,34-200,Makowska,kppspsucha@straz.krakow.pl,+48 47 831 75 09,Komenda Powiatowa Państwowej Straży Pożarnej,Komenda Powiatowa Państwowej Straży Pożarnej w Suchej Beskidzkiej,+48 47 831 75 00,KP PSP Sucha Beskidzka,https://www.gov.pl/web/kppsp-sucha-beskidzka
,,Sulęcin,8,69-200,Emilii Plater,kppspsulecin@straz.gorzow.pl,+48 95 755 00 57,Komenda Powiatowa Państwowej Straży Pożarnej,Komenda Powiatowa Państwowej Straży Pożarnej w Sulęcinie,+48 95 755 00 50,KP PSP Sulęcin,www.gov.pl/web/kppsp-sulecin
,,Szamotuły,10,64-500,Obornicka,kppspszamotuly@psp.wlkp.pl,,Komenda Powiatowa Państwowej Straży Pożarnej,Komenda Powiatowa Państwowej Straży Pożarnej w Szamotułach,+48 47 771 92 00,KP PSP Szamotuły,www.szamotuly.psp.wlkp.pl
,,Szczecinek,61,78-400,1-go Maja,kp.szczecinek@szczecin.kwpsp.gov.pl,+48 94 373 07 51,Komenda Powiatowa Państwowej Straży Pożarnej,Komenda Powiatowa Państwowej Straży Pożarnej w Szczecinku,+48 94 373 07 50,KP PSP Szczecinek,www.straz.szczecinek.pl
,,Szczytno,2,12-100,Sobieszczańskiego,kpszczytno@kwpsp.olsztyn.pl,+48 89 622 54 44,Komenda Powiatowa Państwowej Straży Pożarnej,Komenda Powiatowa Państwowej Straży Pożarnej w Szczytnie,+48 89 622 54 22,KP PSP Szczytno,gov.pl/web/kppsp-szczytno
,,Sztum,27,82-400,Sienkiewicza,psk.sztum@straz.gda.pl,+48 47 741 89 23,Komenda Powiatowa Państwowej Straży Pożarnej,Komenda Powiatowa Państwowej Straży Pożarnej w Sztumie,+48 47 741 89 20,KP PSP Sztum,https://www.gov.pl/web/kppsp-sztum
,,Szydłowiec,3,26-500,Strażacka,szydlowiec@mazowsze.straz.pl,,Komenda Powiatowa Państwowej Straży Pożarnej,Komenda Powiatowa Państwowej Straży Pożarnej w Szydłowcu,,KP PSP Szydłowiec,www.gov.pl/web/kppsp-szydlowiec
,,Śrem,23,63-100,Grunwaldzka,kppspsrem@psp.wlkp.pl,+48 61 281 07 09,Komenda Powiatowa Państwowej Straży Pożarnej,Komenda Powiatowa Państwowej Straży Pożarnej w Śremie,+48 47 771 93 00,KP PSP Śrem,http://www.srem.psp.wlkp.pl/
,,Środa Śląska,45,55-300,Kolejowa,sroda@kwpsp.wroc.pl,+48 71 317 69 83,Komenda Powiatowa Państwowej Straży Pożarnej,Komenda Powiatowa Państwowej Straży Pożarnej w Środzie Śląskiej,+48 71 317 22 12,KP PSP Środa Śląska,https://www.gov.pl/web/kppsp-sroda-slaska/
,,Środa Wielkopolska,2a,63-000,Libelta,kppspsroda@psp.wlkp.pl,+48 61 222 07 58,Komenda Powiatowa Państwowej Straży Pożarnej,Komenda Powiatowa Państwowej Straży Pożarnej w Środzie Wielkopolskiej,+48 47 771 94 00,KP PSP Środa Wielkopolska,https://www.gov.pl/web/kppsp-sroda-wielkopolska
,,Świdnica,8,58-100,al. Niepodległości-10,kpswidnica@kwpsp.wroc.pl,+48 74 851 88 84,Komenda Powiatowa Państwowej Straży Pożarnej,Komenda Powiatowa Państwowej Straży Pożarnej w Świdnicy,+48 74 851 88 88,KP PSP Świdnica,www.strazswidnica.pl
,,Świdnik,2,21-045,Al. Lotników Polskich,kp_swidnik@straz.swidnik.pl,+48 81 745 55 81,Komenda Powiatowa Państwowej Straży Pożarnej,Komenda Powiatowa Państwowej Straży Pożarnej w Świdniku,+48 81 745 55 80,KP PSP Świdnik,www.straz.swidnik.pl
,,Świdwin,23,78-300,Armii Krajowej,kp.swidwin@szczecin.kwpsp.gov.pl,+48 94 365 00 50,Komenda Powiatowa Państwowej Straży Pożarnej,Komenda Powiatowa Państwowej Straży Pożarnej w Świdwinie,+48 94 365 24 81,KP PSP Świdwin,www.straz-swidwin.pl
,,Świebodzin,13,66-200,Cegielniana,kppspswiebodzin@straz.gorzow.pl,+48 68 470 73 92,Komenda Powiatowa Państwowej Straży Pożarnej,Komenda Powiatowa Państwowej Straży Pożarnej w Świebodzinie,+48 68 470 73 80,KP PSP Świebodzin,www.straz.swiebodzin.pl
,,Świecie,1,86-100,Mieczysława Petelskiego,swiecie@kujawy.gov.pl,,Komenda Powiatowa Państwowej Straży Pożarnej,Komenda Powiatowa Państwowej Straży Pożarnej w Świeciu,+48 47 751 41 10,KP PSP Świecie,kppspswiecie.pl
,,Tarnowskie Góry.,36,42-600,Górnicza,kontakt@psptg.pl,+48 32 739 05 49,Komenda Powiatowa Państwowej Straży Pożarnej,Komenda Powiatowa Państwowej Straży Pożarnej w Tarnowskich Górach,+48 47 851 86 00,KP PSP Tarnowskie Góry,gov.pl/web/kppsp-tarnowskie-gory
,,Tczew,11,83-110,Lecha,sekretariat.tczew@straz.gda.pl,+48 58 530 40 89,Komenda Powiatowa Państwowej Straży Pożarnej,Komenda Powiatowa Państwowej Straży Pożarnej w Tczewie,+48 58 530 40 60,KP PSP Tczew,https://www.gov.pl/web/kppsp-tczew
,,Tomaszów Lubelski,7,22-600,dr. Janusza Petera,kp_tomaszowlubelski@straz.lublin.pl,+48 84 664 35 88,Komenda Powiatowa Państwowej Straży Pożarnej,Komenda Powiatowa Państwowej Straży Pożarnej w Tomaszowie Lubelskim,+48 84 661 80 00,KP PSP Tomaszów Lubelski,http://straz-tomaszowlubelski.idsl.pl/
,,Tomaszów Mazowiecki,105,97-200,Warszawska,kppsp18@straz.lodz.pl,+48 44 725 91 27,Komenda Powiatowa Państwowej Straży Pożarnej,Komenda Powiatowa Państwowej Straży Pożarnej w Tomaszowie Mazowieckim,+48 44 725 91 26,KP PSP Tomaszów Mazowiecki,https://www.gov.pl/web/kppsp-tomaszow-mazowiecki
,,Trzebnica,12,55-100,B. Głowackiego,kptrzebnica@kwpsp.wroc.pl,+48 71 387 28 58,Komenda Powiatowa Państwowej Straży Pożarnej,Komenda Powiatowa Państwowej Straży Pożarnej w Trzebnicy,+48 71 312 08 51,KP PSP Trzebnica,www.gov.pl/web/kppsp-trzebnica
,,Tuchola,20,89-500,Sępoleńska,kppsp_tuchola@kujawy.psp.gov.pl,+48 52 336 12 27,Komenda Powiatowa Państwowej Straży Pożarnej,Komenda Powiatowa Państwowej Straży Pożarnej w Tucholi,+48 52 336 12 27,KP PSP Tuchola,https://www.gov.pl/web/kppsp-tuchola/
,,Turek,2,62-700,Św. Floriana,kppspturek@psp.wlkp.pl,+48 47 771 95 18,Komenda Powiatowa Państwowej Straży Pożarnej,Komenda Powiatowa Państwowej Straży Pożarnej w Turku,+48 47 771 95 00,KP PSP Turek,www.turek.psp.wlkp.pl
,,Ustrzyki Dolne,22,38-700,1 Maja,kpustrzyki@podkarpacie.straz.pl,+48 13 460 87 97,Komenda Powiatowa Państwowej Straży Pożarnej,Komenda Powiatowa Państwowej Straży Pożarnej w Ustrzykach Dolnych,+48 51 526 95 05,KP PSP Ustrzyki Dolne,www.kppspustrzyki.itl.pl
,,Koluszki,28,95-040,Słowackiego,kppsp08@straz.lodz.pl,+48 44 725 69 19,Komenda Powiatowa Państwowej Straży Pożarnej,Komenda Powiatowa Państwowej Straży Pożarnej w False,+48 44 725 69 00,KP PSP w Koluszkach,https://www.gov.pl/web/kppsp-koluszki
,,Błonie,20,05-870,Lesznowska a,warszawazachod@mazowsze.straz.pl,+48 22 725 51 23,Komenda Powiatowa Państwowej Straży Pożarnej,Komenda Powiatowa Państwowej Straży Pożarnej w False,+48 22 725 52 93,KP PSP w pow. warsz. zachodnim,https://www.gov.pl/web/kppsp-warszawski-zachodni
,,Wadowice,2c,34-100,Wojska Polskiego,kppspwadowice@straz.krakow.pl,+48 33 873 43 81,Komenda Powiatowa Państwowej Straży Pożarnej,Komenda Powiatowa Państwowej Straży Pożarnej w Wadowicach,,KP PSP Wadowice,https://www.gov.pl/web/kppsp-wadowice
,,Wałcz,20,78-600,Generała Władysława Andersa,kp.walcz@szczecin.kwpsp.gov.pl,+48 67 258 32 15,Komenda Powiatowa Państwowej Straży Pożarnej,Komenda Powiatowa Państwowej Straży Pożarnej w Wałczu,,KP PSP Wałcz,www.strazwalcz.pl
,,Wąbrzeźno,6,87-200,św. Floriana,kppsp_wabrzezno@kujawy.psp.gov.pl,+48 56 689 09 03,Komenda Powiatowa Państwowej Straży Pożarnej,Komenda Powiatowa Państwowej Straży Pożarnej w Wąbrzeźnie,+48 56 689 09 00,KP PSP Wąbrzeźno,
,,Wągrowiec,44,62-100,Przemysłowa,kppspwagrowiec@psp.wlkp.pl,+48 67 222 33 38,Komenda Powiatowa Państwowej Straży Pożarnej,Komenda Powiatowa Państwowej Straży Pożarnej w Wągrowcu,,KP PSP Wągrowiec,https://www.gov.pl/web/kppsp-wagrowiec
,,WEJHEROWO,2,84-200,3 Maja,psk.wejherowo@straz.gda.pl,+48 58 677 61 09,Komenda Powiatowa Państwowej Straży Pożarnej,Komenda Powiatowa Państwowej Straży Pożarnej w Wejherowie,+48 58 677 61 05,KP PSP Wejherowo,https://www.gov.pl/web/kppsp-wejherowo
,,Węgorzewo,10,11-600,Sienkiewicza,kpwegorzewo@kwpsp.olsztyn.pl,+48 87 427 75 11,Komenda Powiatowa Państwowej Straży Pożarnej,Komenda Powiatowa Państwowej Straży Pożarnej w Węgorzewie,+48 87 427 75 00,KP PSP Węgorzewo,www.gov.pl/web/kppsp-wegorzewo
,,Węgrów,83,07-100,Zwycięstwa,wegrow@mazowsze.straz.pl,+48 25 792 53 10,Komenda Powiatowa Państwowej Straży Pożarnej,Komenda Powiatowa Państwowej Straży Pożarnej w Węgrowie,+48 25 792 49 98,KP PSP Węgrów,https://www.gov.pl/web/kppsp-wegrow
,,Wieliczka,4,32-020,Park Kingi,kppspwieliczka@straz.krakow.pl,+48 47 831 77 09,Komenda Powiatowa Państwowej Straży Pożarnej,Komenda Powiatowa Państwowej Straży Pożarnej w Wieliczce,,KP PSP Wieliczka,www.pspwieliczka.pl
,,Wieluń,1,98-300,Wodna,kppsp19@straz.lodz.pl,+48 43 841 10 28,Komenda Powiatowa Państwowej Straży Pożarnej,Komenda Powiatowa Państwowej Straży Pożarnej w Wieluniu,+48 43 843 44 24,KP PSP Wieluń,https://www.gov.pl/kppsp-wielun
,,Wieruszów,10,98-400,Bolesławiecka,kppsp20@straz.lodz.pl,+48 62 784 16 65,Komenda Powiatowa Państwowej Straży Pożarnej,Komenda Powiatowa Państwowej Straży Pożarnej w Wieruszowie,+48 62 784 12 88,KP PSP Wieruszów,https://www.gov.pl/web/kppsp-wieruszow
,,Włodawa,8,22-200,Tysiąclecia Państwa Polskiego,kp_wlodawa@straz.lublin.pl,+48 82 572 46 52,Komenda Powiatowa Państwowej Straży Pożarnej,Komenda Powiatowa Państwowej Straży Pożarnej w Włodawie,+48 82 572 10 08,KP PSP Włodawa,www.straz.wlodawa.pl
,,Włoszczowa,45,29-100,Sienkiewicza,wloszczowa@straz.kielce.pl,+48 41 394 31 78,Komenda Powiatowa Państwowej Straży Pożarnej,Komenda Powiatowa Państwowej Straży Pożarnej w Włoszczowie,+48 41 394 29 98,KP PSP Włoszczowa,www.gov.pl/web/kppsp-wloszczowa
,,Wodzisław Śląski,68,44-300,Pszowska,pspwodzislaw@katowice.kwpsp.gov.pl,+48 32 453 93 92,Komenda Powiatowa Państwowej Straży Pożarnej,Komenda Powiatowa Państwowej Straży Pożarnej w Wodzisławiu Śląskim,+48 32 453 93 93,KP PSP Wodzisław Śląski,www.gov.pl/kppsp-wodzislaw-slaski
,,Wolsztyn,17,64-200,Wschowska,kppspwolsztyn@psp.wlkp.pl,,Komenda Powiatowa Państwowej Straży Pożarnej,Komenda Powiatowa Państwowej Straży Pożarnej w Wolsztynie,+48 47 771 97 00,KP PSP Wolsztyn,www.straz.powiatwolsztyn.pl
,,Wołomin,15,05-200,Sasina,wolomin@mazowsze.straz.pl,+48 22 761 33 70,Komenda Powiatowa Państwowej Straży Pożarnej,Komenda Powiatowa Państwowej Straży Pożarnej w Wołominie,+48 22 761 33 40,KP PSP Wołomin,https://www.gov.pl/web/kppsp-wolomin
,,Wołów,38,56-100,Wojska Polskiego,wolow@kwpsp.wroc.pl,+48 71 389 11 90,Komenda Powiatowa Państwowej Straży Pożarnej,Komenda Powiatowa Państwowej Straży Pożarnej w Wołowie,+48 71 389 27 02,KP PSP Wołów,http://www.gov.pl/web/kppsp-wolow
,,Września,112,62-300,Białężyce,kp-wrzesnia@psp.wlkp.pl,+48 61 222 07 77,Komenda Powiatowa Państwowej Straży Pożarnej,Komenda Powiatowa Państwowej Straży Pożarnej w Wrześni,+48 47 771 98 00,KP PSP Września,http://www.straz.wrzesnia.powiat.pl/
,,Wschowa,6,67-400,Kazimierza Wielkiego,sekretariat@straz.wschowa.pl,+48 65 540 10 48,Komenda Powiatowa Państwowej Straży Pożarnej,Komenda Powiatowa Państwowej Straży Pożarnej w Wschowie,+48 65 540 27 57,KP PSP Wschowa,www.gov.pl/web/kppsp-wschowa
,,Wysokie Mazowieckie,6,18-200,Mickiewicza,kppspwm@straz.bialystok.pl,+48 47 711 84 53,Komenda Powiatowa Państwowej Straży Pożarnej,Komenda Powiatowa Państwowej Straży Pożarnej w Wysokiem Mazowieckiem,+48 47 711 84 51,KP PSP Wysokie Mazowieckie,https://www.gov.pl/web/kppsp-wysokie-mazowieckie/
,,Wyszków,6,07-200,Strażacka,wyszkow@mazowsze.straz.pl,+48 29 743 09 38,Komenda Powiatowa Państwowej Straży Pożarnej,Komenda Powiatowa Państwowej Straży Pożarnej w Wyszkowie,+48 29 742 54 21,KP PSP Wyszków,https://www.gov.pl/web/kppsp-wyszkow/
,,Zakopane,45,34-500,Nowotarska,kppspzakopane@straz.krakow.pl,+48 18 202 09 12,Komenda Powiatowa Państwowej Straży Pożarnej,Komenda Powiatowa Państwowej Straży Pożarnej w Zakopanem,+48 47 831 78 50,KP PSP Zakopane,https://www.gov.pl/web/kppsp-zakopane
,,Zambrów,4,18-300,Sadowa,kppspza@straz.bialystok.pl,+48 47 711 85 03,Komenda Powiatowa Państwowej Straży Pożarnej,Komenda Powiatowa Państwowej Straży Pożarnej w Zambrowie,+48 47 711 85 01,KP PSP Zambrów,https://www.gov.pl/web/kppsp-zambrow/
,,Zawiercie,12,42-400,Leśna,komenda@zawiercie.kppsp.gov.pl,+48 32 672 16 15,Komenda Powiatowa Państwowej Straży Pożarnej,Komenda Powiatowa Państwowej Straży Pożarnej w Zawierciu,+48 32 672 16 15,KP PSP Zawiercie,www.gov.pl/web/kppsp-zawiercie
,,Ząbkowice Śląskie,15,57-200,Waryńskiego,zabkowice@kwpsp.wroc.pl,+48 74 815 76 83,Komenda Powiatowa Państwowej Straży Pożarnej,Komenda Powiatowa Państwowej Straży Pożarnej w Ząbkowicach Śląskich,+48 78 902 35 43,KP PSP Ząbkowice Śląskie,https://www.gov.pl/web/kppsp-zabkowice-slaskie
,,Zduńska Wola,4,98-220,Długa,kppsp21@straz.lodz.pl,+48 43 823 26 37,Komenda Powiatowa Państwowej Straży Pożarnej,Komenda Powiatowa Państwowej Straży Pożarnej w Zduńskiej Woli,+48 43 823 41 81,KP PSP Zduńska Wola,https://www.gov.pl/web/kppsp-zdunska-wola
,,Zgierz,6,95-100,Łąkowa/8,kppsp22@straz.lodz.pl,+48 42 715 69 53,Komenda Powiatowa Państwowej Straży Pożarnej,Komenda Powiatowa Państwowej Straży Pożarnej w Zgierzu,+48 42 714 55 70,KP PSP Zgierz,https://www.gov.pl/web/kppsp-zgierz
,,Zgorzelec,1,59-900,Bolesława Chrobrego,kpzgorzelec@kwpsp.wroc.pl,+48 75 773 09 98,Komenda Powiatowa Państwowej Straży Pożarnej,Komenda Powiatowa Państwowej Straży Pożarnej w Zgorzelcu,+48 75 775 11 45,KP PSP Zgorzelec,www.gov.pl/web/kppsp-zgorzelec
,,Złotoryja,49,59-500,Legnicka,zlotoryja@kwpsp.wroc.pl,+48 76 878 31 43,Komenda Powiatowa Państwowej Straży Pożarnej,Komenda Powiatowa Państwowej Straży Pożarnej w Złotoryi,+48 76 878 33 97,KP PSP Złotoryja,www.gov.pl/web/kppsp-zlotoryja
,,Złotów,48a,77-400,Domańskiego,kp-zlotow@psp.wlkp.pl,+48 47 771 99 00,Komenda Powiatowa Państwowej Straży Pożarnej,Komenda Powiatowa Państwowej Straży Pożarnej w Złotowie,+48 47 771 99 00,KP PSP Złotów,www.zlotow.psp.wlkp.pl
,,Zwoleń,6,26-700,Lubelska,zwolen@mazowsze.straz.pl,,Komenda Powiatowa Państwowej Straży Pożarnej,Komenda Powiatowa Państwowej Straży Pożarnej w Zwoleniu,,KP PSP Zwoleń,www.gov.pl/web/kppsp-zwolen
,,Żagań,3,68-100,Nowogródzka,kppspzagan@straz.gorzow.pl,+48 68 368 13 30,Komenda Powiatowa Państwowej Straży Pożarnej,Komenda Powiatowa Państwowej Straży Pożarnej w Żaganiu,+48 68 377 22 22,KP PSP Żagań,www.straz.zagan.pl
,,Żary.,58,68-200,Serbska,sekretariat@straz.zary.pl,+48 68 363 07 21,Komenda Powiatowa Państwowej Straży Pożarnej,Komenda Powiatowa Państwowej Straży Pożarnej w Żarach,+48 68 363 07 16,KP PSP Żary,www.straz.zary.pl
,,Żnin,14,88-400,Dąbrowskiego,kppsp_znin@kujawy.psp.gov.pl,+48 52 303 34 41,Komenda Powiatowa Państwowej Straży Pożarnej,Komenda Powiatowa Państwowej Straży Pożarnej w Żninie,+48 52 303 34 40,KP PSP Żnin,http://www.kpsp.pl/znin/
,,Żuromin,25,09-300,Warszawska,zuromin@mazowsze.straz.pl,+48 23 657 21 60,Komenda Powiatowa Państwowej Straży Pożarnej,Komenda Powiatowa Państwowej Straży Pożarnej w Żurominie,+48 23 657 23 98,KP PSP Żuromin,www.gov.pl/web/kppsp-zuromin/
,,Żyrardów,61B,96-300,1-go Maja,zyrardow@mazowsze.straz.pl,+48 46 858 19 63,Komenda Powiatowa Państwowej Straży Pożarnej,Komenda Powiatowa Państwowej Straży Pożarnej w Żyrardowie,+48 46 855 35 49,KP PSP Żyrardów,strazzyrardow.pl
,,Żywiec,2,34-300,Objazdowa,pspzywiec@katowice.kwpsp.gov.pl,+48 33 863 04 31,Komenda Powiatowa Państwowej Straży Pożarnej,Komenda Powiatowa Państwowej Straży Pożarnej w Żywcu,+48 33 863 04 00,KP PSP Żywiec,https://www.gov.pl/web/kppsp-zywiec
,,Białystok,3,15-062,ul. Warszawska,kwpsp@straz.bialystok.pl (e-mail),+48 85 653 74 44,Komenda Wojewódzka Państwowej Straży Pożarnej,Komenda Wojewódzka Państwowej Straży Pożarnej w Białymstoku,+48 47 711 70 10,KW PSP Białystok,www.gov.pl/web/kwpsp-bialystok
,,Gdańsk,2,80-251,Sosnowa,wskr@straz.gda.pl,+48 58 347 78 17,Komenda Wojewódzka Państwowej Straży Pożarnej,Komenda Wojewódzka Państwowej Straży Pożarnej w Gdańsku,+48 58 347 78 00,KW PSP Gdańsk,bip.straz.gda.pl
,,Gorzów Wielkopolski,64,66-400,ul. kard. Stefana Wyszyńskiego-66,komenda@straz.gorzow.pl,+48 95 720 89 91,Komenda Wojewódzka Państwowej Straży Pożarnej,Komenda Wojewódzka Państwowej Straży Pożarnej w Gorzowie Wielkopolskim,+48 95 733 83 00,KW PSP Gorzów Wielkopolski,www.straz.gorzow.pl
,,Katowice,36,40-042,Wita Stwosza,kwpspkatowice@straz.gov.pl (WSKR Katowice),+48 47 851 52 15,Komenda Wojewódzka Państwowej Straży Pożarnej,Komenda Wojewódzka Państwowej Straży Pożarnej w Katowicach,+48 47 851 50 00,KW PSP Katowice,www.katowice.kwpsp.gov.pl
,,Kielce,81,25-324,ul. Sandomierska,kw@straz.kielce.pl,+48 41 365 32 03,Komenda Wojewódzka Państwowej Straży Pożarnej,Komenda Wojewódzka Państwowej Straży Pożarnej w Kielcach,+48 41 365 32 05,KW PSP Kielce,www.gov.pl/web/kwpsp-kielce
,,Kraków,106,30-134,ul. Zarzecze (Kraków-Krowodrza),kwpspkrakow@straz.gov.pl,+48 47 835 90 09,Komenda Wojewódzka Państwowej Straży Pożarnej,Komenda Wojewódzka Państwowej Straży Pożarnej w Krakowie,+48 47 835 90 00,KW PSP Kraków,www.straz.krakow.pl
,,Lublin,7,20-012,Strażacka,kwpsplublin@straz.gov.pl,+48 81 532 97 00,Komenda Wojewódzka Państwowej Straży Pożarnej,Komenda Wojewódzka Państwowej Straży Pożarnej w Lublinie,+48 81 535 12 00,KW PSP Lublin,www.straz.lublin.pl
,,Łódź,111,90-521,Wólczanska/113,sekretariat@straz.lodz.pl,+48 42 631 51 23,Komenda Wojewódzka Państwowej Straży Pożarnej,Komenda Wojewódzka Państwowej Straży Pożarnej w Łodzi,+48 42 631 51 00,KW PSP Łódź,https://www.gov.pl/web/kwpsp-lodz
,,Olsztyn,16,10-045,Niepodległości,kwpspolsztyn@straz.gov.pl,+48 89 522 95 25,Komenda Wojewódzka Państwowej Straży Pożarnej,Komenda Wojewódzka Państwowej Straży Pożarnej w Olsztynie,+48 89 522 95 00,KW PSP Olsztyn,www.gov.pl/web/kwpsp-olsztyn
,,Opole,1,45-005,ul. Budowlanych,wskr@psp.opole.pl (SKKW Opole),+48 47 861 70 85,Komenda Wojewódzka Państwowej Straży Pożarnej,Komenda Wojewódzka Państwowej Straży Pożarnej w Opolu,+48 47 861 70 01,KW PSP Opole,www.psp.opole.pl
,,Poznań,3,61-767,ul. Masztalarska,kw-poznan@psp.wlkp.pl,+48 61 222 05 55,Komenda Wojewódzka Państwowej Straży Pożarnej,Komenda Wojewódzka Państwowej Straży Pożarnej w Poznaniu,+48 47 771 60 00,KW PSP Poznań,www.psp.wlkp.pl
,,Rzeszów,4,35-016,ul. Maurycego Mochnackiego,biuro@podkarpacie.straz.pl,+48 17 862 20 97,Komenda Wojewódzka Państwowej Straży Pożarnej,Komenda Wojewódzka Państwowej Straży Pożarnej w Rzeszowie,+48 17 747 02 00,KW PSP Rzeszów,https://www.gov.pl/web/kwpsp-rzeszow
,,Szczecin,9,71-637,ul. Teofila Firlika-14,kwpspszczecin@straz.gov.pl,+48 91 480 88 53,Komenda Wojewódzka Państwowej Straży Pożarnej,Komenda Wojewódzka Państwowej Straży Pożarnej w Szczecinie,+48 91 480 88 00,KW PSP Szczecin,www.szczecin.kwpsp.gov.pl
,,Toruń,32,87-100,Prosta,wskr@kujawy.psp.gov.pl,+48 56 657 57 32,Komenda Wojewódzka Państwowej Straży Pożarnej,Komenda Wojewódzka Państwowej Straży Pożarnej w Toruniu,+48 56 658 01 24,KW PSP Toruń,www.gov.pl/web/kwpsp-torun
,,Warszawa,40,02-672,ul. Domaniewska,kwpspwarszawa@straz.gov.pl,+48 22 559 51 24,Komenda Wojewódzka Państwowej Straży Pożarnej,Komenda Wojewódzka Państwowej Straży Pożarnej w Warszawie,+48 22 559 52 75,KW PSP Warszawa,www.straz.pl
,,Wrocław,138,50-552,ul. Borowska (Wrocław-Krzyki),kw@kwpsp.wroc.pl,+48 71 368 22 44,Komenda Wojewódzka Państwowej Straży Pożarnej,Komenda Wojewódzka Państwowej Straży Pożarnej w Wrocławiu,+48 71 368 22 01,KW PSP Wrocław,www.straz.wroclaw.pl
