__lat,__lon,name,addr:postcode,phone,email,short_name
53.8430234,22.9921467,Zarząd Zlewni w Augustowie,16-300,+48 87 643 28 07,zz-augustow@wody.gov.pl,
53.1175059,23.119253,Zarząd Zlewni w Białymstoku,15-399,+48 85 748 12 00,zz-bialystok@wody.gov.pl,
54.0347491,21.7642157,Zarząd Zlewni w Giżycku,11-500,+48 87 428 39 92,zz-gizycko@wody.gov.pl,
53.7818147,20.4811136,Zarząd Zlewni w Olsztynie,10-526,+48 89 521 71 00,zz-olsztyn@wody.gov.pl,
53.0752243,21.5701952,Zarząd Zlewni w Ostrołęce,07-409,+48 29 760 32 26,zz-ostroleka@wody.gov.pl,
53.8452007,22.9942494,Nadzór Wodny w Augustowie,16-300,+48 87 643 28 96,nw-augustow@wody.gov.pl,
53.8325714,22.3414351,Nadzór Wodny w Ełku,19-300,+48 87 610 03 07,nw-elk@wody.gov.pl,
53.6487973,22.455845,Nadzór Wodny w Grajewie,19-200,+48 86 272 26 49,nw-grajewo@wody.gov.pl,
54.0387372,22.4965043,Nadzór Wodny w Olecku,19-400,+48 87 523 30 11,nw-olecko@wody.gov.pl,
54.086069,22.9351968,Nadzór Wodny w Suwałkach,16-400,+48 87 566 32 21,nw-suwalki@wody.gov.pl,
53.1168692,23.1163378,Nadzór Wodny w Białymstoku,15-399,+48 85 748 12 05,nw-bialystok@wody.gov.pl,
52.774682,23.191203,Nadzór Wodny w Bielsku Podlaskim,17-100,+48 85 655 05 93,nw-bielskpodlaski@wody.gov.pl,
52.991749,22.8806851,Nadzór Wodny w Łapach,18-100,+48 85 733 03 51,nw-lapy@wody.gov.pl,
53.4028797,22.8073969,Nadzór Wodny w Mońkach,19-100,+48 85 733 03 52,nw-monki@wody.gov.pl,
53.4028409,23.517094,Nadzór Wodny w Sokółce,16-100,+48 85 711 29 45,nw-sokolka@wody.gov.pl,
54.0346672,21.7642586,Nadzór Wodny w Giżycku,11-500,+48 87 444 06 30,nw-gizycko@wody.gov.pl,
54.3094091,22.3013872,Nadzór Wodny w Gołdapi,19-500,+48 87 615 10 46,nw-goldap@wody.gov.pl,
53.409238,21.9286514,Nadzór Wodny w Kolnie,18-500,+48 86 444 23 01,nw-kolno@wody.gov.pl,
53.8013588,21.5666234,Nadzór Wodny w Mikołajkach,11-730,+48 87 444 06 32,nw-mikolajki@wody.gov.pl,
53.6241275,21.8138977,Nadzór Wodny w Piszu,12-200,+48 87 423 31 92,nw-pisz@wody.gov.pl,
54.2118401,21.7397036,Nadzór Wodny w Węgorzewie,11-600,+48 87 444 06 31,nw-wegorzewo@wody.gov.pl,
54.2508736,20.8153653,Nadzór Wodny w Bartoszycach,11-200,+48 89 762 24 63,nw-bartoszyce@wody.gov.pl,
54.0780068,21.3729557,Nadzór Wodny w Kętrzynie,11-400,+48 89 650 05 30,nw-ketrzyn@wody.gov.pl,
54.1255347,20.588659,Nadzór Wodny w Lidzbarku Warmińskim,11-100,+48 89 650 05 31,nw-lidzbarkwarminski@wody.gov.pl,
53.8804593,21.2977566,Nadzór Wodny w Mrągowie,11-700,+48 89 741 36 12,nw-mragowo@wody.gov.pl,
53.7818313,20.481544,Nadzór Wodny w Olsztynie,10-526,+48 89 521 71 15,nw-olsztyn@wody.gov.pl,
53.1680051,22.0542191,Nadzór Wodny w Łomży,18-400,+48 86 218 54 81,nw-lomza@wody.gov.pl,
53.0825186,21.5640936,Nadzór Wodny w Ostrołęce,07-400,+48 29 764 20 96,nw-ostroleka@wody.gov.pl,
53.5542769,20.9827298,Nadzór Wodny w Szczytnie,12-100,+48 89 624 30 92,nw-szczytno@wody.gov.pl,
52.9870235,22.2428448,Nadzór Wodny w Zambrowie,18-300,+48 86 444 23 00,nw-zambrow@wody.gov.pl,
53.1279188,18.1276627,Nadzór Wodny w Bydgoszczy,85-776,+48 52 365 21 90,nw-gd-bydgoszcz@wody.gov.pl,
53.1440787,23.185635,Regionalny Zarząd Gospodarki Wodnej w Białymstoku,15-143,+48 85 733 03 20,bialystok@wody.gov.pl,RZGW w Białymstoku
53.1312722,18.0129887,Regionalny Zarząd Gospodarki Wodnej w Bydgoszczy,85-071,+48 52 339 11 00,bydgoszcz@wody.gov.pl,RZGW w Bydgoszczy
52.7963722,18.2583507,Zarząd Zlewni w Inowrocławiu,88-100,+48 52 356 57 50,zz-inowroclaw@wody.gov.pl,
53.1303509,16.7582381,Zarząd Zlewni w Pile,64-920,+48 67 212 32 44,zz-pila@wody.gov.pl,
53.1272461,17.9970451,Nadzór Wodny w Bydgoszczy,85-066,+48 60 677 41 25,nw-bydgoszcz@wody.gov.pl,
53.0280135,16.8830236,Nadzór Wodny w Chodzieży,64-800,+48 67 348 66 60,nw-chodziez@wody.gov.pl,
52.7990291,18.2609034,Nadzór Wodny w Inowrocławiu,88-100,+48 52 357 40 66,nw-inowroclaw@wody.gov.pl,
52.66162,17.9516012,Nadzór Wodny w Mogilnie,88-300,,nw-mogilno@wody.gov.pl,
53.1332338,17.5996129,Nadzór Wodny w Nakle nad Notecią,89-100,+48 52 385 22 86,nw-naklonadnotecia@wody.gov.pl,
52.6245767,18.5267105,Nadzór Wodny w Radziejowie,88-200,+48 54 230 35 76,nw-radziejow@wody.gov.pl,
53.3563018,17.4869623,Nadzór Wodny w Więcborku,89-410,+48 52 389 70 40,nw-wiecbork@wody.gov.pl,
52.8460255,17.7229213,Nadzór Wodny w Żninie,88-400,+48 60 449 23 40,nw-znin@wody.gov.pl,
53.5302471,15.7986364,Nadzór Wodny w Drawsku Pomorskim,78-500,+48 94 363 07 53,nw-drawskopomorskie@wody.gov.pl,
52.8527034,15.8437363,Nadzór Wodny w Drezdenku,66-530,+48 95 762 01 55,nw-drezdenko@wody.gov.pl,
53.1304089,16.7587852,Nadzór Wodny w Pile,64-920,+48 60 677 41 22,nw-pila@wody.gov.pl,
52.8731288,15.5226229,Nadzór Wodny w Strzelcach Krajeńskich,66-500,+48 95 763 22 59,nw-strzelcekrajenskie@wody.gov.pl,
53.7068936,16.6930979,Nadzór Wodny w Szczecinku,78-400,+48 94 374 09 71,nw-szczecinek@wody.gov.pl,
53.039447,16.4510555,Nadzór Wodny w Trzciance,64-980,+48 67 210 19 32,nw-trzcianka@wody.gov.pl,
53.1946943,16.1564144,Nadzór Wodny w Tucznie,78-640,+48 67 250 81 84,nw-tuczno@wody.gov.pl,
52.896735,16.1698751,Nadzór Wodny w Wieleniu,64-730,+48 88 206 29 04,nw-wielen@wody.gov.pl,
53.3541807,17.0509252,Nadzór Wodny w Złotowie,77-400,+48 67 263 27 48,nw-zlotow@wody.gov.pl,
51.1110965,17.0631103,Regionalny Zarząd Gospodarki Wodnej we Wrocławiu,50-950,+48 71 337 88 00,,RZGW we Wrocławiu
51.2017229,16.1512816,Zarząd Zlewni w Legnicy,59-220,+48 76 862 70 08,zz-legnica@wody.gov.pl,
51.8341238,16.5740555,Zarząd Zlewni w Lesznie,64-100,+48 65 547 61 30,zz-leszno@wody.gov.pl,
51.1057844,15.5939049,Zarząd Zlewni w Lwówku Śląskim,59-600,+48 75 782 46 02,zz-lwowekslaski@wody.gov.pl,
50.4788114,17.3357552,Zarząd Zlewni w Nysie,48-300,+48 77 431 51 72,zz-nysa@wody.gov.pl,
51.1071202,17.0653579,Zarząd Zlewni we Wrocławiu,50-370,+48 71 757 20 64,zz-wroclaw@wody.gov.pl,
51.1585657,15.0143936,Zarząd Zlewni w Zgorzelcu,59-900,+48 65 547 61 70,zz-zgorzelec@wody.gov.pl,
50.7273418,16.6532629,Nadzór Wodny w Dzierżoniowie,58-200,+48 74 810 39 41,nw-dzierzoniow@wody.gov.pl,
51.0568815,16.1999781,Nadzór Wodny w Jaworze,59-400,+48 76 818 00 68,nw-jawor@wody.gov.pl,
51.2016355,16.151067,Nadzór Wodny w Legnicy,59-220,+48 76 862 44 60,nw-legnica@wody.gov.pl,
50.8350368,16.5088578,Nadzór Wodny w Świdnicy,58-100,+48 74 852 30 58,nw-swidnica@wody.gov.pl,
50.7678259,16.2802675,Nadzór Wodny w Wałbrzychu,58-300,+48 74 842 12 77,nw-walbrzych@wody.gov.pl,
51.1247437,15.9150633,Nadzór Wodny w Złotoryi,59-500,+48 76 818 00 67,nw-zlotoryja@wody.gov.pl,
51.6637398,16.5368869,Nadzór Wodny w Górze,56-200,+48 60 552 22 44,nw-gora@wody.gov.pl,
51.6954301,17.4361952,Nadzór Wodny w Krotoszynie,63-700,+48 69 123 45 09,nw-krotoszyn@wody.gov.pl,
51.7975914,16.6552957,Nadzór Wodny w Lesznie,64-130,+48 69 123 22 14,nw-leszno@wody.gov.pl,
51.5292383,17.2746034,Nadzór Wodny w Miliczu,56-300,+48 65 547 61 37,nw-milicz@wody.gov.pl,
51.4277863,17.9284179,Nadzór Wodny w Ostrzeszowie,63-500,+48 65 547 61 48,nw-ostrzeszow@wody.gov.pl,
51.6123231,16.8667636,Nadzór Wodny w Rawiczu,63-900,+48 60 552 22 44,nw-rawicz@wody.gov.pl,
51.3148279,17.0669889,Nadzór Wodny w Trzebnicy,55-100,+48 71 312 04 01,nw-trzebnica@wody.gov.pl,
51.2620234,15.5702473,Nadzór Wodny w Bolesławcu,59-700,+48 60 397 47 98,nw-boleslawiec@wody.gov.pl,
50.8231474,15.6921502,Nadzór Wodny w Jeleniej Górze,58-562,+48 75 752 85 60,nw-jeleniagora@wody.gov.pl,
50.7818378,16.0282908,Nadzór Wodny w Kamiennej Górze,58-400,+48 60 324 83 93,nw-kamiennagora@wody.gov.pl,
51.1227768,15.3024563,Nadzór Wodny w Lubaniu,59-800,+48 50 972 51 42,nw-luban@wody.gov.pl,
51.1055756,15.5940444,Nadzór Wodny w Lwówku Śląski,59-600,+48 75 782 46 02,NadzorWodny.LwowekSlaski@wody.gov.pl,
51.5025459,16.0677178,Nadzór Wodny w Polkowicach,59-100,+48 60 542 11 70,nw-polkowice@wody.gov.pl,
51.5658611,15.5386457,Nadzór Wodny w Szprotawie,67-300,+48 68 352 47 20,nw-szprotawa@wody.gov.pl,
51.6123669,15.3213233,Nadzór Wodny w Żaganiu,68-100,+48 68 478 55 58,nw-zagan@wody.gov.pl,
50.4694299,17.2986349,Nadzór Wodny w Otmuchowie,48-304,+48 77 551 66 00,nw-otmuchow@wody.gov.pl,
50.4364481,16.648207,Nadzór Wodny w Kłodzku,57-300,+48 74 867 44 94,nw-klodzko@wody.gov.pl,
50.5888504,16.8111702,Nadzór Wodny w Ząbkowicach Śląskich,57-200,+48 74 810 39 49,nw-zabkowiceslaskie@wody.gov.pl,
50.855067,17.4719505,Nadzór Wodny w Brzegu,49-300,+48 77 402 63 41,nw-brzeg@wody.gov.pl,
51.6676781,16.0835755,Nadzór Wodny w Głogowie,67-200,+48 76 831 31 57,nw-glogow@wody.gov.pl,
51.4015368,16.2100246,Nadzór Wodny w Lubinie,59-300,+48 76 840 31 66,nw-lubin@wody.gov.pl,
51.0739326,17.7208313,Nadzór Wodny w Namysłowie,46-100,+48 77 402 63 85,nw-namyslow@wody.gov.pl,
51.2038362,17.3714017,Nadzór Wodny w Oleśnicy,56-400,+48 71 314 39 14,nw-olesnica@wody.gov.pl,
50.9456185,17.2961999,Nadzór Wodny w Oławie,55-200,+48 53 203 28 88,nw-olawa@wody.gov.pl,
50.7797592,17.0600074,Nadzór Wodny w Strzelinie,57-100,+48 71 392 07 16,nw-strzelin@wody.gov.pl,
51.1630014,16.6070581,Nadzór Wodny w Środzie Śląskiej,55-300,+48 71 317 34 62,nw-srodaslaska@wody.gov.pl,
51.3390474,16.6254031,Nadzór Wodny w Wołowie,56-100,+48 71 389 13 88,nw-wolow@wody.gov.pl,
51.1015103,17.1234238,Nadzór Wodny we Wrocławiu,51-640,+48 71 347 76 38,nw-wroclaw@wody.gov.pl,
51.7851668,14.9722451,Nadzór Wodny w Lubsku,68-300,+48 68 457 21 91,nw-lubsko@wody.gov.pl,
51.14565,15.0114609,Nadzór Wodny w Zgorzelcu,59-900,+48 75 775 20 18,nw-zgorzelec@wody.gov.pl,
52.0472503,15.0988381,Nadzór Wodny w Krosno Odrzańskie,66-600,+48 68 383 52 58,nw-krosnoodrzanskie@wody.gov.pl,
51.8025643,15.7184542,Nadzór Wodny w Nowej Soli,67-100,+48 68 352 41 55,nw-nowasol@wody.gov.pl,
51.8860711,16.0683882,Nadzór Wodny w Sławie,67-410,+48 68 352 46 14,nw-slawa@wody.gov.pl,
52.3443158,14.5836522,Nadzór Wodny w Słubicach,69-100,+48 95 758 27 22,nw-slubice@wody.gov.pl,
52.0872395,15.6109893,Nadzór Wodny w Sulechowie,66-100,+48 68 320 18 36,nw-sulechow@wody.gov.pl,
51.8071695,16.3245706,Nadzór Wodny we Wschowie,67-400,+48 65 511 45 15,nw-wschowa@wody.gov.pl,
51.9292205,15.4966051,Nadzór Wodny w Zielonej Górze,65-514,+48 68 453 72 22,nw-zielonagora@wody.gov.pl,
51.9293578,15.4968344,Zarząd Zlewni w Zielonej Górze,65-514,+48 68 452 76 00,zz-zielonagora@wody.gov.pl,
54.3492919,18.6399216,Regionalny Zarząd Gospodarki Wodnej w Gdańsku,80-804,+48 58 326 18 88,gdansk@wody.gov.pl,RZGW w Gdańsku
53.6863244,17.5711009,Zarząd Zlewni w Chojnicach,89-600,+48 52 397 52 02,zz-chojnice@wody.gov.pl,
54.1463946,19.3986639,Zarząd Zlewni w Elblągu,82-300,+48 55 232 57 25,zz-elblag@wody.gov.pl,
54.3847687,18.5936752,Zarząd Zlewni w Gdańsku,80-266,+48 58 559 92 16,zz-gdansk@wody.gov.pl,
54.0703008,18.7779965,Zarząd Zlewni w Tczewie,83-110,+48 58 531 36 47,zz-tczew@wody.gov.pl,
53.0075847,18.5929639,Zarząd Zlewni w Toruniu,87-100,+48 56 657 78 41,zz-torun@wody.gov.pl,
53.6862609,17.5709776,Nadzór Wodny w Chojnicach,89-600,+48 52 336 03 23,nw-chojnice@wody.gov.pl,
53.6687312,17.360678,Nadzór Wodny w Człuchowie,77-300,+48 59 834 33 84,nw-czluchow@wody.gov.pl,
53.4008987,18.405794,Nadzór Wodny w Świeciu,86-105,+48 57 234 26 45,nw-swiecie@wody.gov.pl,
53.5768362,17.8803331,Nadzór Wodny w Tucholi,89-500,+48 57 234 26 41,nw-tuchola@wody.gov.pl,
54.3877564,19.828822,Nadzór Wodny w Braniewie,14-500,+48 55 243 28 73,nw-braniewo@wody.gov.pl,
54.146536,19.3984171,Nadzór Wodny w Elblągu,82-300,+48 55 232 44 65,nw-elblag@wody.gov.pl,
54.0395904,19.0735204,Nadzór Wodny w Malborku,82-200,+48 55 272 34 25,nw-malbork@wody.gov.pl,
54.2153496,19.116242,Nadzór Wodny w Nowym Dworze Gdańskim,82-100,+48 55 246 26 49,nw-nowydworgdanski@wody.gov.pl,
53.5865772,20.2900811,Nadzór Wodny w Olsztynku,11-015,+48 89 519 56 24,nw-olsztynek@wody.gov.pl,
54.1868679,17.4897236,Nadzór Wodny w Bytowie,77-100,+48 59 822 13 60,nw-bytow@wody.gov.pl,
54.3922061,18.6450234,Nadzór Wodny w Gdańsku,80-266,+48 58 559 92 28,nw-gdansk@wody.gov.pl,
54.5203437,18.5251433,Nadzór Wodny w Gdyni,81-332,+48 58 735 63 54,nw-gdynia@wody.gov.pl,
54.3324721,18.2028173,Nadzór Wodny w Kartuzach,83-300,+48 58 681 00 16,nw-kartuzy@wody.gov.pl,
54.5343595,17.7561137,Nadzór Wodny w Lęborku,84-300,+48 59 862 13 00,nw-lebork@wody.gov.pl,
54.2505559,18.639742,Nadzór Wodny w Pruszczu Gdańskim,83-000,+48 60 183 08 28,nw-pruszczgdanski@wody.gov.pl,
54.7202914,18.4114135,Nadzór Wodny w Pucku,84-100,+48 58 673 29 11,nw-puck@wody.gov.pl,
54.6102628,18.3631231,Nadzór Wodny w Redzie,84-240,+48 58 678 64 07,nw-reda@wody.gov.pl,
54.4660964,17.0337326,Nadzór Wodny w Słupsku,76-200,+48 59 840 07 90,nw-slupsk@wody.gov.pl,
53.489409,18.7522534,Nadzór Wodny w Grudziądzu,86-300,+48 56 461 30 02,nw-grudziadz@wody.gov.pl,
53.5842758,19.5782927,Nadzór Wodny w Iławie,14-200,+48 89 644 86 06,nw-ilawa@wody.gov.pl,
54.1231385,17.9986956,Nadzór Wodny w Kościerzynie,83-400,+48 58 686 37 93,nw-koscierzyna@wody.gov.pl,
53.7291152,18.9242256,Nadzór Wodny w Kwidzynie,82-500,+48 55 279 25 62,nw-kwidzyn@wody.gov.pl,
53.9692049,18.5302325,Nadzór Wodny w Starogardzie,83-200,+48 58 562 23 32,nw-starogardgdanski@wody.gov.pl,
54.0703858,18.7781788,Nadzór Wodny w Tczewie,83-110,+48 58 530 41 20,nw-tczew@wody.gov.pl,
53.2756354,18.9460189,Nadzór Wodny w Wąbrzeźnie,87-200,+48 56 688 24 50,nw-wabrzezno@wody.gov.pl,
53.2580539,19.4067753,Nadzór Wodny w Brodnicy,87-300,+48 56 649 82 57,nw-brodnica@wody.gov.pl,
53.379185,18.4743351,Nadzór Wodny w Chełmnie,86-200,+48 56 676 19 71,nw-chelmno@wody.gov.pl,
53.1042812,19.0634996,Nadzór Wodny w Golubiu-Dobrzyniu,87-400,+48 57 233 86 75,nw-golubdobrzyn@wody.gov.pl,
52.849244,19.1966347,Nadzór Wodny w Lipnie,87-600,+48 54 233 13 76,nw-lipno@wody.gov.pl,
53.4275393,19.588111,Nadzór Wodny w Nowym Mieście Lubawskim,13-300,+48 57 233 83 65,nw-nowemiastolubawskie@wody.gov.pl,
53.7085951,19.9582169,Nadzór Wodny w Ostródzie,14-100,+48 89 646 25 23,nw-ostroda@wody.gov.pl,
53.0650926,19.4193869,Nadzór Wodny w Rypinie,87-500,+48 54 230 50 33,nw-rypin@wody.gov.pl,
53.0076121,18.5935057,Nadzór Wodny w Toruniu,87-100,+48 51 527 50 65,nw-torun@wody.gov.pl,
50.0598233,19.9285488,Regionalny Zarząd Gospodarki Wodnej w Krakowie,31-109,+48 12 628 41 06,krakow@wody.gov.pl,RZGW w Krakowie
50.886793,20.6248944,Zarząd Zlewni w Kielcach,25-662,+48 41 334 00 98,zz-kielce@wody.gov.pl,
50.0557059,19.925373,Zarząd Zlewni w Krakowie,30-102,+48 12 629 06 00,zz-krakow@wody.gov.pl,
49.6271241,20.7050933,Zarząd Zlewni w Nowym Sączu,33-300,+48 18 441 37 89,zz-nowysacz@wody.gov.pl,
50.6791282,21.7507975,Zarząd Zlewni w Sandomierzu,27-600,+48 12 628 42 42,zz-sandomierz@wody.gov.pl,
49.6908651,19.1967678,Zarząd Zlewni w Żywcu,34-300,+48 12 628 41 32,zz-zywiec@wody.gov.pl,
50.4627475,20.7190889,Nadzór Wodny w Busku Zdroju,28-100,+48 53 203 33 07,nwbusko@wody.gov.pl,
50.6396694,20.2971119,Nadzór Wodny w Jędrzejowie,28-300,+48 53 203 31 40,nwjedrzejow@wody.gov.pl,
50.8861484,20.6245651,Nadzór Wodny w Kielcach,25-662,+48 41 342 52 24,nwkielce@wody.gov.pl,
50.2681785,20.4829459,Nadzór Wodny w Kazimierzy Wielkiej,28-500,+48 52 303 31 38,nw-kazimierza@wody.gov.pl,
49.9853707,20.4290965,Nadzór Wodny w Bochni,32-700,+48 69 183 18 38,nwbochnia@wody.gov.pl,
49.9696205,20.6018501,Nadzór Wodny w Brzesku,32-800,+48 14 663 10 02,nw-brzesko@wody.gov.pl,
50.045879,19.798774,Nadzór Wodny w Krakowie,32-060,+48 12 629 06 80,nwkrakow@wody.gov.pl,
49.8326024,19.9550363,Nadzór Wodny w Myślenicach,32-400,+48 12 628 41 60,nwmyslenice@wody.gov.pl,
50.0441985,19.2131796,Nadzór Wodny w Oświęcimiu,32-600,+48 60 759 45 15,nw-oswiecim@wody.gov.pl,
50.1976526,20.3002922,Nadzór Wodny w Proszowicach,32-100,+48 69 325 52 54,nw-proszowice@wody.gov.pl,
49.627024,20.9526859,Nadzór Wodny w Grybowie,33-330,+48 66 762 36 30,nwgrybow@wody.gov.pl,
49.6995625,20.4172785,Nadzór Wodny w Limanowej,34-600,+48 57 344 38 83,nwlimanowa@wody.gov.pl,
49.3563459,20.8977774,Nadzór Wodny w Muszynie,33-370,+48 66 764 36 42,nwmuszyna@wody.gov.pl,
49.4684105,20.0010489,Nadzór Wodny w Nowym Targu,34-400,+48 57 344 38 79,nwnowytarg@wody.gov.pl,
49.9994318,20.9881461,Nadzór Wodny w Tarnowie,33-100,+48 57 344 38 85,nwtarnow@wody.gov.pl,
50.1769427,20.9777055,Nadzór Wodny w Dąbrowie Tarnowskiej,33-200,+48 60 926 32 69,nw-dabrowatarnowska@wody.gov.pl,
50.7987372,21.4327422,Nadzór Wodny w Opatowie,27-500,+48 60 924 52 41,nwopatow@wody.gov.pl,
50.4267081,21.2800721,Nadzór Wodny w Połańcu,28-230,+48 60 829 21 85,nwpolaniec@wody.gov.pl,
50.6796861,21.7384659,Nadzór Wodny w Sandomierzu,27-600,+48 15 833 40 41,nwsandomierz@wody.gov.pl,
50.5660724,21.1704635,Nadzór Wodny w Staszowie,28-200,+48 60 962 56 20,nwstaszow@wody.gov.pl,
49.883513,19.2222711,Nadzór Wodny w Kętach,32-650,+48 60 918 93 23,nwkety@wody.gov.pl,
49.7383335,19.5869962,Nadzór Wodny w Suchej Beskidzkiej,34-200,+48 33 843 61 95,nwsuchabeskidzka@wody.gov.pl,
49.8817184,19.4910781,Nadzór Wodny w Wadowicach,34-100,+48 60 740 81 44,nwwadowice@wody.gov.pl,
49.6864484,19.191169,Nadzór Wodny w Żywcu,34-300,+48 66 565 65 59,nwzywiec@wody.gov.pl,
50.3026555,18.6680199,Regionalny Zarząd Gospodarki Wodnej w Gliwicach,44-100,+48 32 777 49 50,gliwice@wody.gov.pl,RZGW w Gliwicach
50.2917863,18.6884863,Zarząd Zlewni w Gliwicach,44-100,+48 69 322 21 55,zz-gliwice@wody.gov.pl,
50.2689435,19.0219058,Zarząd Zlewni w Katowicach,40-127,+48 32 250 41 27,zz-katowice@wody.gov.pl,
50.6628189,17.916353,Zarząd Zlewni w Opolu,45-089,+48 77 407 47 05,zz-opole@wody.gov.pl,
49.7495268,18.6427088,Nadzór Wodny w Cieszynie,43-400,+48 33 851 00 56,nw-cieszyn@wody.gov.pl,
50.3183881,18.6633146,Nadzór Wodny w Gliwicach,44-100,+48 69 710 21 63,nw-gliwice@wody.gov.pl,
50.1995746,17.8247515,Nadzór Wodny w Głubczycach,48-100,+48 69 710 22 61,nw-glubczyce@wody.gov.pl,
50.35248,18.1517246,Nadzór Wodny w Kędzierzynie-Koźlu,47-220,+48 77 482 04 05,nw-kedzierzyn-kozle@wody.gov.pl,
50.0963822,18.5473664,Nadzór Wodny w Rybniku,44-200,+48 69 710 22 43,nw-rybnik@wody.gov.pl,
49.8555638,19.0352644,Nadzór Wodny w Bielsku-Białej,43-346,+48 33 821 64 64,nw-bielsko-biala@wody.gov.pl,
50.0797892,19.1564964,Nadzór Wodny w Bieruniu,43-155,+48 69 710 19 23,nw-bierun@wody.gov.pl,
50.2701093,19.0210797,Nadzór Wodny w Katowicach,42-460,+48 32 380 65 87,nw-katowice@wody.gov.pl,
50.2779268,19.5581841,Nadzór Wodny w Olkuszu,32-300,+48 32 210 90 41,nw-olkusz@wody.gov.pl,
49.9768862,18.9505798,Nadzór Wodny w Pszczynie,43-200,+48 69 710 14 91,nw-pszczyna@wody.gov.pl,
49.7899125,18.7988685,Nadzór Wodny w Skoczowie,43-430,+48 33 853 33 08,nw-skoczow@wody.gov.pl,
50.9731398,18.2166683,Nadzór Wodny w Kluczborku,46-200,+48 66 122 16 57,nw-kluczbork@wody.gov.pl,
50.4765624,17.967538,Nadzór Wodny w Krapkowicach,47-300,+48 66 122 15 62,nw-krapkowice@wody.gov.pl,
50.6593967,17.92413,Nadzór Wodny w Opolu,45-094,+48 66 122 16 54,nw-opole@wody.gov.pl,
50.3212764,17.5815561,Nadzór Wodny w Prudniku,48-200,+48 66 122 18 13,nw-prudnik@wody.gov.pl,
50.5244815,18.2888026,Nadzór Wodny w Strzelcach Opolskich,47-100,+48 69 322 06 38,nw-strzelceopolskie@wody.gov.pl,
50.4435633,18.8576822,Nadzór Wodny w Tarnowskich Górach,42-600,+48 66 122 13 25,nw-tarnowskiegory@wody.gov.pl,
51.2405845,22.5326418,Regionalny Zarząd Gospodarki Wodnej w Lublinie,20-610,+48 81 531 03 00,lublin@wody.gov.pl,RZGW w Lublinie
52.0401837,23.1080588,Zarząd Zlewni w Białej Podlaskiej,21-500,+48 83 342 70 50,zz-bialapodlaska@wody.gov.pl,
52.3968223,22.2682841,Zarząd Zlewni w Sokołowie Podlaskim,08-300,+48 25 781 28 58,zz-sokolowpodlaski@wody.gov.pl,
50.7051479,23.2755747,Zarząd Zlewni w Zamościu,22-400,+48 84 677 59 70,zz-zamosc@wody.gov.pl,
52.0402957,23.1081552,Nadzór Wodny w Białej Podlaskiej,21-500,+48 83 342 70 64,nw-bialapodlaska@wody.gov.pl,
51.1332687,23.4942545,Nadzór Wodny w Chełmie,22-100,+48 82 565 64 66,nw-chelm@wody.gov.pl,
50.8047375,23.8910197,Nadzór Wodny w Hrubieszowie,22-500,+48 84 696 42 58,nw-hrubieszow@wody.gov.pl,
51.9259914,22.3753655,Nadzór Wodny w Łukowie,21-400,+48 25 798 21 71,nw-lukow@wody.gov.pl,
50.4471447,23.4145765,Nadzór Wodny w Tomaszowie Lubelskim,22-600,+48 84 665 97 82,nw-tomaszowlubelski@wody.gov.pl,
51.5474318,23.5492358,Nadzór Wodny we Włodawie,22-200,+48 82 572 14 01,nw-wlodawa@wody.gov.pl,
52.6796469,22.5043643,Nadzór Wodny w Ciechanowcu,18-230,,nw-ciechanowiec@wody.gov.pl,
52.2209827,22.7093502,Nadzór Wodny w Łosicach,08-200,+48 83 357 37 24,nw-losice@wody.gov.pl,
52.8030651,21.8881731,Nadzór Wodny w Ostrowi Mazowieckiej,07-300,+48 29 745 40 42,nw-ostrowmazowiecka@wody.gov.pl,
52.1681699,22.2742808,Nadzór Wodny w Siedlcach,08-110,+48 25 631 05 33,nw-siedlce@wody.gov.pl,
52.4247298,22.8593158,Nadzór Wodny w Siemiatyczach,17-300,+48 85 655 04 86,nw-siemiatycze@wody.gov.pl,
52.3967961,22.2680481,Nadzór Wodny w Sokołowie Podlaskim,08-300,+48 25 781 28 58,nw-sokolowpodlaski@wody.,
52.3970693,22.0106133,Nadzór Wodny w Węgrowie,07-100,+48 25 792 30 58,nw-wegrow@wody.gov.pl,
52.918863,22.5224792,Nadzór Wodny w Wysokiem Mazowieckiem,18-200,+48 86 270 90 05,nw-wysokiemazowieckie@wody.gov.pl,
50.981842,23.1679582,Nadzór Wodny w Krasnymstawie,22-300,+48 82 576 20 75,nw-krasnystaw@wody.gov.pl,
51.4677423,22.6066023,Nadzór Wodny w Lubartowie,21-100,+48 81 855 28 93,nw-lubartow@wody.gov.pl,
51.2403579,22.5326512,Nadzór Wodny w Lublinie,20-610,+48 81 531 03 37,nw-lublinie@wody.gov.pl,
51.2885247,22.877426,Nadzór Wodny w Łęcznej,21-010,+48 81 884 35 03,nw-leczna@wody.gov.pl,
51.6458251,22.9106702,Nadzór Wodny w Parczewie,21-200,+48 83 355 07 78,nw-parczew@wody.gov.pl,
51.7830754,22.6151509,Nadzór Wodny w Radzyniu Podlaskim,21-300,+48 83 378 31 73,nw-radzynpodlaski@wody.gov.pl,
51.6261504,21.9305479,Nadzór Wodny w Rykach,08-500,+48 81 865 23 59,nw-ryki@wody.gov.pl,
50.7051819,23.2755747,Nadzór Wodny w Zamościu,22-400,+48 84 677 59 70,nw-zamosc@wody.gov.pl,
52.4155884,16.9609237,Regionalny Zarząd Gospodarki Wodnej w Poznaniu,61-003,+48 61 856 77 00,poznan@wody.gov.pl,RZGW w Poznaniu
52.7475903,15.2564141,Zarząd Zlewni w Gorzowie Wielkopolskim,66-400,+48 95 725 61 53,zz-gorzowwielkopolski@wody.gov.pl,
52.2016716,18.6392899,Zarząd Zlewni w Kole,62-600,+48 63 288 01 70,zz-kolo@wody.gov.pl,
52.4089087,16.9359745,Zarząd Zlewni w Poznaniu,61-760,+48 61 850 84 00,zz-poznan@wody.gov.pl,
51.593755,18.7350739,Zarząd Zlewni w Sieradzu,98-200,+48 43 655 41 00,zz-sieradz@wody.gov.pl,
52.7213013,15.2480666,Nadzór Wodny w Gorzowie Wielkopolskim,66-400,+48 95 725 61 63,nw-gorzowwielkopolski@wody.gov.pl,
52.2244268,16.3667368,Nadzór Wodny w Grodzisku Wielkopolskim,62-065,+48 57 390 16 87,nw-grodziskwielkopolski@wody.gov.pl,
52.5815451,14.6337356,Nadzór Wodny w Kostrzynie nad Odrą,66-470,+48 57 390 16 88,nw-kostrzynnadodra@wody.gov.pl,
52.6035723,15.8855961,Nadzór Wodny w Międzychodzie,64-400,+48 95 748 28 24,nw-miedzychod@wody.gov.pl,
52.4508443,15.5813749,Nadzór Wodny w Międzyrzeczu,66-300,+48 95 741 25 60,nw-miedzyrzecz@wody.gov.pl,
52.3191314,16.1493142,Nadzór Wodny w Nowym Tomyślu,64-300,+48 60 088 51 55,nw-nowytomysl@wody.gov.pl,
52.4381582,15.1176463,Nadzór Wodny w Sulęcinie,69-200,+48 95 755 30 42,nw-sulecin@wody.gov.pl,
52.1139109,16.1078442,Nadzór Wodny w Wolsztynie,64-200,+48 68 384 56 45,nw-wolsztyn@wody.gov.p,
51.9714811,17.4952925,Nadzór Wodny w Jarocinie,63-200,+48 62 600 60 42,nw-jarocin@wody.gov.pl,
51.767657,18.0894903,Nadzór Wodny w Kaliszu,62-800,+48 62 501 84 84,nw-kalisz@wody.gov.pl,
51.2851108,17.99516,Nadzór Wodny w Kępnie,63-600,+48 62 782 28 93,nw-kepno@wody.gov.pl,
51.6516523,17.812881,Nadzór Wodny w Ostrowie Wielkopolskim,63-400,+48 62 736 28 02,nw-ostrowielkopolski@wody.gov.pl,
51.2964512,18.159216,Nadzór Wodny w Wieruszowie,98-400,+48 60 858 65 04,nw-wieruszow@wody.gov.pl,
51.8971848,17.7735857,Nadzór Wodny w Pleszewie,63-300,+48 62 742 96 07,nw-pleszew@wody.gov.pl,
52.2026065,18.6275473,Nadzór Wodny w Kole,62-600,+48 63 272 01 84,nw-kolo@wody.gov.pl,
52.2355487,18.2823246,Nadzór Wodny w Koninie,62-510,+48 63 242 10 75,nw-konin@wody.gov.pl,
52.3010822,17.878847,Nadzór Wodny w Słupcy,62-400,+48 63 275 11 93,nw-slupca@wody.gov.pl,
52.228418,17.2760308,Nadzór Wodny w Środzie Wielkopolskiej,63-000,+48 57 390 16 85,nw-srodawielkopolska@wody.gov.pl,
52.0144024,18.4928415,Nadzór Wodny w Turku,62-700,+48 63 289 30 01,nw-turek@wody.gov.pl,
52.3374388,17.5544873,Nadzór Wodny we Wrześni,62-300,+48 61 436 18 02,nw-wrzesnia@wody.gov.pl,
52.5416008,17.6091608,Nadzór Wodny w Gnieźnie,62-200,+48 61 426 10 24,nw-gniezno@wody.gov.pl,
51.8810432,17.0108927,Nadzór Wodny w Gostyniu,63-800,+48 57 390 16 75,nw-gostyn@wody.gov.pl,
52.0806464,16.6242664,Nadzór Wodny w Kościanie,64-000,+48 57 390 16 76,nw-koscian@wody.gov.pl,
52.6436583,16.8301607,Nadzór Wodny w Obornikach,64-600,+48 57 390 16 77,nw-oborniki@wody.gov.pl,
52.4269652,16.9525652,Nadzór Wodny w Poznaniu,61-623,+48 61 820 14 81,nw-poznan@wody.gov.pl,
52.6064319,16.5825854,Nadzór Wodny w Szamotułach,64-500,+48 57 390 16 78,nw-szamotuly@wody.gov.pl,
52.0985543,17.0161824,Nadzór Wodny w Śremie,63-300,+48 61 283 08 31,nw-srem@wody.gov.pl,
52.8049003,17.2290996,Nadzór Wodny w Wągrowcu,62-100,+48 67 262 70 47,nw-wagrowiec@wody.gov.pl,
51.3606685,19.3664426,Nadzór Wodny w Bełchatowie,97-400,+48 57 390 16 79,,
50.8208458,19.0817591,Nadzór Wodny w Częstochowie,42-200,+48 57 390 16 80,nw-czestochowa@wody.gov.pl,
50.9018136,18.9341793,Nadzór Wodny w Kłobucku,42-100,+48 34 317 36 33,nw-klobuck@wody.gov.pl,
51.5899381,19.1403002,Nadzór Wodny w Łasku,98-100,+48 43 655 41 41,nw-lask@wody.gov.pl,
51.7790964,19.4589261,Nadzór Wodny w Łodzi,91-420,+48 57 390 16 94,nw-lodz@wody.gov.pl,
51.7728996,18.1009729,Zarząd Zlewni w Kaliszu,62-800,+48 62 600 60 00,zz-kalisz@wody.gov.pl,
50.0290595,21.9788335,Regionalny Zarząd Gospodarki Wodnej w Rzeszowie,35-103,+48 17 853 74 00,rzeszow@wody.gov.pl,RZGW w Rzeszowie
49.6791572,21.7762477,Zarząd Zlewni w Krośnie,38-400,+48 60 917 06 88,zz-krosno@wody.gov.pl,
49.748744,21.4742087,Zarząd Zlewni w Jaśle,38-200,+48 13 446 33 11,zz-jaslo@wody.gov.pl,
50.5913872,22.0438233,Zarząd Zlewni w Stalowej Woli,37-464,+48 15 842 89 82,zz-stalowawola@wody.gov.pl,
49.7840246,22.7634783,Zarząd Zlewni w Przemyślu,37-700,+48 16 670 38 08,zz-przemysl@wody.gov.pl,
50.0192384,22.0036795,Nadzór Wodny Rzeszów,35-311,+48 17 854 19 18,nw-rzeszow@wody.gov.pl,
50.0531128,22.4917887,Nadzór Wodny Przeworsk,37-200,+48 16 648 16 04,nw-przeworsk@wody.gov.pl,
50.080249,22.2238983,Nadzór Wodny Łańcut,37-100,+48 17 225 20 40,nw-lancut@wody.gov.pl,
49.6993131,21.7665385,Nadzór Wodny Krosno,38-400,+48 13 432 17 88,nw-krosno@wody.gov.pl,
49.7059165,22.0247935,Nadzór Wodny Brzozów,36-200,+48 13 420 27 80,nw-brzozow@wody.gov.pl,
49.8699299,21.7894283,Nadzór Wodny Strzyżów,38-100,+48 17 221 20 65,nw-strzyzow@wody.gov.pl,
49.7487301,21.4741673,Nadzór Wodny Jasło,38-200,+48 13 446 40 34,nw-jaslo@wody.gov.pl,
50.0589668,21.3998531,Nadzór Wodny Dębica,39-200,+48 14 670 68 91,nw-debica@wody.gov.pl,
50.2841628,21.4417537,Nadzór Wodny Mielec,39-300,+48 17 586 41 30,nw-mielec@wody.gov.pl,
50.7050535,22.4165258,Nadzór Wodny Janów Lubelski,23-300,+48 15 810 41 99,nw-janowlubelski@wody.gov.pl,
50.5306708,22.7242001,Nadzór Wodny Biłgoraj,23-400,+48 84 611 24 76,nw-bilgoraj@wody.gov.pl,
50.2637893,22.4160134,Nadzór Wodny Leżajsk,37-300,+48 17 242 02 46,nw-lezajsk@wody.gov.pl,
50.5705894,21.693459,Nadzór Wodny Tarnobrzeg,39-400,+48 15 822 51 01,nw-tarnobrzeg@wody.gov.pl,
50.2444951,21.7699723,Nadzór Wodny Kolbuszowa,36-100,+48 17 747 90 20,nw-kolbuszowa@wody.gov.pl,
49.7840436,22.7636285,Nadzór Wodny Przemyśl,37-700,+48 16 670 47 80,nw-przemysl@wody.gov.pl,
50.1620283,23.125333,Nadzór Wodny Lubaczów,37-600,+48 16 632 13 34,nw-lubaczow@wody.gov.pl,
50.0083995,22.6738098,Nadzór Wodny Jarosław,37-500,+48 16 623 63 28,nw-jaroslaw@wody.gov.pl,
49.8038755,22.2365019,Nadzór Wodny Dynów,36-065,+48 16 652 10 06,nw-dynow@wody.gov.pl,
49.4736865,22.3255198,Nadzór Wodny Lesko,38-600,+48 13 469 63 27,nw-lesko@wody.gov.pl,
49.5611584,22.2040613,Nadzór Wodny Sanok,38-500,+48 13 464 18 76,nw-sanok@wody.gov.pl,
53.406409,14.5391838,Regionalny Zarząd Gospodarki Wodnej w Szczecinie,70-030,+48 91 441 12 00,sekretariat@szczecin.rzgw.gov.pl,RZGW w Szczecinie
53.9283565,15.1938302,Zarząd Zlewni w Gryficach,72-300,+48 50 902 57 97,zz-gryfice@wody.gov.pl,
54.1904036,16.1907833,Zarząd Zlewni w Koszalinie,75-601,+48 51 505 34 60,zz-koszalin@wody.gov.pl,
53.3462717,15.0624551,Zarząd Zlewni w Stargardzie,73-110,+48 50 270 15 39,zz-stargard@wody.gov.pl,
53.43887,14.5753863,Zarząd Zlewni w Szczecinie,71-011,+48 91 440 51 00,zz-szczecin@wody.gov.pl,
53.9097516,15.1943093,Nadzór Wodny w Gryficach,72-300,+48 91 384 26 24,nw-gryfice@wody.gov.pl,
53.9726286,14.7692337,Nadzór Wodny w Kamieniu Pomorskim,72-400,+48 91 382 12 04,nw-kamienpomorski@wody.gov.pl,
53.634761,15.6195586,Nadzór Wodny w Łobzie,37-150,,nw-lobez@wody.gov.pl,
53.6641049,15.1469671,Nadzór Wodny w Nowogardzie,72-200,+48 91 577 71 95,nw-nowogard@wody.gov.pl,
53.7814582,15.7755283,Nadzór Wodny w Świdwinie,78-300,+48 94 365 26 08,nw-swidwin@wody.gov.pl,
54.0081299,15.9823097,Nadzór Wodny w Białogardzie,78-200,+48 51 612 67 03,nw-bialogard@wody.gov.pl,
54.1801514,15.5708005,Nadzór Wodny w Kołobrzegu,78-100,+48 94 354 90 83,nw-kolobrzeg@wody.gov.pl,
54.1903581,16.1906304,Nadzór Wodny w Koszalinie,75-601,+48 79 889 48 70,nw-koszalin@wody.gov.pl,
53.9992999,16.9744018,Nadzór Wodny w Miastku,77-200,+48 59 822 12 65,nw-miastko@wody.gov.pl,
54.3497839,16.683137,Nadzór Wodny w Sławnie,76-100,+48 59 810 20 82,nw-slawno@wody.gov.pl,
53.1687769,15.4157618,Nadzór Wodny w Choszcznie,73-200,+48 51 505 34 59,nw-choszczno@wody.gov.pl,
53.5687795,14.8276797,Nadzór Wodny w Goleniowie,72-100,+48 91 418 28 12,nw-goleniow@wody.gov.pl,
53.3428257,15.0521149,Nadzór Wodny w Stargardzie,73-100,,nw-stargard@wody.gov.pl,
53.2569184,14.4892022,Nadzór Wodny w Gryfinie,74-100,+48 91 416 30 21,nw-gryfino@wody.gov.pl,
52.9606524,14.4386305,Nadzór Wodny w Chojnie,74-500,,nw-chojna@wody.gov.pl,
52.927674,14.8751169,Nadzór Wodny w Myśliborzu,74-300,,nw-mysliborz@wody.gov.pl,
53.3690142,14.5933899,Nadzór Wodny w Szczecinie,70-746,+48 91 460 84 94,nw-szczecin@wody.gov.pl,
53.9019744,14.2606942,Nadzór Wodny w Świnoujściu,72-600,,nw-swinoujscie@wody.gov.pl,
52.2338467,20.9910973,Krajowy Zarząd Gospodarki Wodnej w Warszawie,00-848,+48 22 372 02 60,kzgw@wody.gov.pl,
52.2981917,20.9867056,Regionalny Zarząd Gospodarki Wodnej w Warszawie,03-194,+48 22 587 02 11,warszawa@wody.gov.pl,RZGW w Warszawie
52.8795759,20.6029853,Zarząd Zlewni w Ciechanowie,06-400,+48 23 674 24 50,zz-ciechanow@wody.gov.pl,
52.4869689,20.927238,Zarząd Zlewni w Dębem,05-140,+48 22 782 30 00,zz-debe@wody.gov.pl,
52.103578,19.9443887,Zarząd Zlewni w Łowiczu,99-400,+48 66 983 36 33,zz-lowicz@wody.gov.pl,
51.4086893,19.6832977,Zarząd Zlewni w Piotrkowie Trybunalskim,97-300,+48 50 997 57 77,zz-piotrkowtrybunalski@wody.gov.pl,
52.2939397,21.0028692,Zarząd Zlewni w Warszawie,03-219,+48 22 112 38 53,zz-warszawa@wody.gov.pl,
52.6567606,19.0591569,Zarząd Zlewni we Włocławku,87-800,+48 54 230 20 34,zz-wloclawek@wody.gov.pl,
52.8795752,20.6029548,Nadzór Wodny w Ciechanowie,06-400,+48 23 674 24 36,nw-ciechanow@wody.gov.pl,
53.1166025,20.3667385,Nadzór Wodny w Mławie,06-500,+48 23 654 32 09,nw-mlawa@wody.gov.pl,
53.3689041,20.404646,Nadzór Wodny w Nidzicy,13-100,+48 89 625 28 98,nw-nidzica@wody.gov.pl,
52.6195435,20.3854667,Nadzór Wodny w Płońsku,09-100,+48 23 662 26 02,nw-plonsk@wody.gov.pl,
53.063245,19.9141372,Nadzór Wodny w Żurominie,09-300,+48 23 657 38 58,nw-zuromin@wody.gov.pl,
52.4872291,20.9254841,Nadzór Wodny w Dębem,05-140,+48 22 782 31 26,nw-debe@wody.gov.pl,
52.8676031,21.1104004,Nadzór Wodny w Makowie Mazowieckim,06-200,+48 29 717 14 00,nw-makowmazowiecki@wody.gov.pl,
52.4331739,20.7187644,Nadzór Wodny w Nowym Dworze Mazowieckim,05-100,+48 22 775 28 34,nw-nowydwormazowiecki@wody.gov.pl,
53.0206331,20.8803838,Nadzór Wodny w Przasnyszu,06-300,+48 29 752 27 39,nw-przasnysz@wody.gov.pl,
52.7058709,21.0930944,Nadzór Wodny w Pułtusku,06-100,+48 23 692 34 35,nw-pultusk@wody.gov.pl,
52.3426927,21.2253118,Nadzór Wodny w Wołominie,05-200,+48 22 763 96 10,nw-wolomin@wody.gov.pl,
52.5892237,21.4324455,Nadzór Wodny w Wyszkowie,07-200,+48 29 742 41 18,nw-wyszkow@wody.gov.pl,
52.11221,20.6215383,Nadzór Wodny w Grodzisku Mazowieckim,05-852,+48 22 755 50 56,nw-grodziskmazowiecki@wody.gov.pl,
52.2334222,19.3568789,Nadzór Wodny w Kutnie,99-300,+48 24 357 41 16,nw-kutno@wody.gov.pl,
52.0584899,19.2049214,Nadzór Wodny w Łęczycy,99-100,,nw-leczyca@wody.gov.pl,
52.1035342,19.9446071,Nadzór Wodny w Łowiczu,99-400,+48 66 983 36 33,nw-lowicz@wody.gov.pl,
51.7788444,19.4593485,Nadzór Wodny w Łodzi Wschód,91-423,,nw-lodz2@wody.gov.pl,
51.7647565,20.2511879,Nadzór Wodny w Rawie Mazowieckiej,96-200,,nw-rawamazowiecka@wody.gov.pl,
51.959886,20.1448318,Nadzór Wodny w Skierniewicach,96-100,+48 46 833 39 01,nw-skierniewice@wody.gov.pl,
52.2196644,20.2395805,Nadzór Wodny w Sochaczewie,96-500,+48 46 862 21 16,nw-sochaczew@wody.gov.pl,
51.8633182,19.3979157,Nadzór Wodny w Zgierzu,95-100,+48 46 832 30 10,nw-zgierz@wody.gov.pl,
51.2984568,20.2951754,Nadzór Wodny w Białaczowie,26-307,+48 44 758 11 00,nw-bialaczow@wody.gov.pl,
51.6451428,20.9489063,Nadzór Wodny w Białobrzegach,26-800,,nw-bialobrzegi@wody.gov.pl,
50.7734799,19.6823234,Nadzór Wodny w Koniecpolu,42-230,+48 34 355 18 81,nw-koniecpol@wody.gov.pl,
51.1873113,20.415305,Nadzór Wodny w Końskich,26-200,+48 41 252 40 24,nw-konskie@wody.gov.pl,
51.618257,20.5770458,Nadzór Wodny w Nowym Mieście nad Pilicą,26-420,,nw-nowemiastonadpilica@wody.gov.pl,
51.4087395,19.6832628,Nadzór Wodny w Piotrkowie Trybunalskim,97-300,+48 51 196 51 62,nw-piotrkowtrybunalski@wody.gov.pl,
51.472294,20.0133039,Nadzór Wodny w Smardzewicach,97-213,+48 44 724 50 85,nw-smardzewice@wody.gov.pl,
50.8515977,19.9696564,Nadzór Wodny we Włoszczowie,29-100,,nw-wloszczowa@wody.gov.pl,
50.8852487,21.8565334,Nadzór Wodny w Annopolu,23-235,+48 15 861 31 60,nw-annopol@wody.gov.pl,
51.157487,21.2345043,Nadzór Wodny w Iłży,27-100,,nw-ilza@wody.gov.pl,
51.5857823,21.5486554,Nadzór Wodny w Kozienicach,26-900,,nw-kozienice@wody.gov.pl,
50.9196497,22.2168954,Nadzór Wodny w Kraśniku,23-200,+48 81 825 24 33,nw-krasnik@wody.gov.pl,
51.1580017,21.6508511,Nadzór Wodny w Lipsku,27-300,+48 78 325 59 55,nw-lipsko@wody.gov.pl,
51.1397292,21.9783687,Nadzór Wodny w Opolu Lubelskim,24-300,+48 51 086 74 85,nw-opolelubelskie@wody.gov.pl,
50.9437069,21.3783616,Nadzór Wodny w Ostrowcu,27-400,+48 41 263 36 83,nw-ostrowiecswietokrzyski@wody.gov.pl,
51.358448,20.6312394,Nadzór Wodny w Przysusze,26-400,,nw-przysucha@wody.gov.pl,
51.4163196,21.9522197,Nadzór Wodny w Puławach,24-100,+48 81 470 82 01,nw-pulawy@wody.gov.pl,
51.4069903,21.1490813,Nadzór Wodny w Radomiu,26-600,,nw-radom@wody.gov.pl,
51.1179594,20.865767,Nadzór Wodny w Skarżysku-Kamiennej,26-110,+48 41 252 49 06,nw-skarzyskokamienna@wody.gov.pl,
51.0432368,21.091796,Nadzór Wodny w Starachowicach,27-200,+48 41 274 52 94,nw-starachowice@wody.gov.pl,
51.2331202,20.8639196,Nadzór Wodny w Szydłowcu,26-500,,nw-szydlowiec@wody.gov.pl,
51.3591385,21.5739405,Nadzór Wodny w Zwoleniu,26-700,,nw-zwolen@wody.gov.pl,
51.8985271,21.6111498,Nadzór Wodny w Garwolinie,08-400,+48 87 643 28 96,nw-garwolin@wody.gov.pl,
51.9940074,21.2108143,Nadzór Wodny w Górze Kalwarii,05-530,+48 22 727 35 14,nw-gorakalwaria@wody.gov.pl,
51.8652127,20.8796235,Nadzór Wodny w Grójcu,05-600,,nw-grojec@wody.gov.pl,
52.1862357,21.5866066,Nadzór Wodny w Mińsku Mazowieckim,05-300,+48 25 758 59 64,nw-minskmazowiecki@wody.gov.pl,
52.0716205,21.0269061,Nadzór Wodny w Piasecznie,05-500,+48 22 756 73 04,nw-piaseczno@wody.gov.pl,
52.2986118,20.9881982,Nadzór Wodny w Warszawa,03-194,+48 22 587 04 70,nw-warszawa@wody.gov.pl,
52.440878,19.4585845,Nadzór Wodny w Gostyninie,09-500,+48 24 235 34 92,nw-gostynin@wody.gov.pl,
52.5459267,19.6957763,Nadzór Wodny w Płocku,09-402,+48 24 269 79 95,nw-plock@wody.gov.pl,
52.8458771,19.6626505,Nadzór Wodny w Sierpcu,09-200,+48 24 275 23 02,nw-sierpc@wody.gov.pl,
52.6528669,19.1339632,Nadzór Wodny we Włocławku,87-800,+48 54 233 93 95,nw-wloclawek@wody.gov.pl,
52.3910009,20.1908918,Nadzór Wodny w Wyszogrodzie,09-450,+48 24 362 03 10,nw-wyszogrod@wody.gov.pl,
51.6638909,19.3566557,Nadzór Wodny w Pabianice,95-200,+48 57 390 16 82,nw-pabianice@wody.gov.pl,
51.1469719,18.9918897,Nadzór Wodny w Pajęcznie,98-300,+48 34 311 11 43,nw-pajeczno@wody.gov.pl,
51.8850647,18.959498,Nadzór Wodny w Poddębicach,99-200,+48 57 390 16 96,nw-poddebice@wody.gov.pl,
51.07288,19.4388395,Nadzór Wodny w Radomsku,97-500,+48 57 390 16 81,nw-radomsko@wody.gov.pl,
51.5728394,18.7180868,Nadzór Wodny w Sieradzu,98-200,+48 57 390 16 95,nw-sieradz@wody.gov.pl,
51.2276412,18.5836698,Nadzór Wodny w Wieluniu,98-300,+48 57 390 16 97,nw-wielun@wody.gov.pl,
50.4820754,19.4238184,Nadzór Wodny w Zawierciu,42-400,+48 57 390 16 98,nw-zawiercie@wody.gov.p,
51.5971626,18.9445762,Nadzór Wodny w Zduńskiej Woli,98-220,+48 57 390 16 84,nw-zdunskawola@wody.gov.pl,
